file_path,label
dataset/R1/ext_9_R1 faux tigre_8.jpg,R1
dataset/R1/ext_7_R1 faux tigre_23.jpg,R1
dataset/R1/ext_8_R1 faux tigre_21.jpg,R1
dataset/R1/ext_1_R1 faux tigre_13.jpg,R1
dataset/R1/ext_8_R1 faux tigre_9.jpg,R1
dataset/R1/ext_2_R1 faux tigre_22.jpg,R1
dataset/R1/ext_4_R1 faux tigre_12.jpg,R1
dataset/R1/ext_4_R1 faux tigre_13.jpg,R1
dataset/R1/ext_2_R1 faux tigre_23.jpg,R1
dataset/R1/ext_8_R1 faux tigre_8.jpg,R1
dataset/R1/ext_1_R1 faux tigre_12.jpg,R1
dataset/R1/ext_8_R1 faux tigre_20.jpg,R1
dataset/R1/ext_7_R1 faux tigre_22.jpg,R1
dataset/R1/ext_9_R1 faux tigre_9.jpg,R1
dataset/R1/ext_7_R1 faux tigre_20.jpg,R1
dataset/R1/ext_8_R1 faux tigre_22.jpg,R1
dataset/R1/ext_1_R1 faux tigre_10.jpg,R1
dataset/R1/ext_2_R1 faux tigre_21.jpg,R1
dataset/R1/ext_4_R1 faux tigre_11.jpg,R1
dataset/R1/ext_4_R1 faux tigre_10.jpg,R1
dataset/R1/ext_2_R1 faux tigre_20.jpg,R1
dataset/R1/ext_1_R1 faux tigre_11.jpg,R1
dataset/R1/ext_8_R1 faux tigre_23.jpg,R1
dataset/R1/ext_7_R1 faux tigre_21.jpg,R1
dataset/R1/ext_7_R1 faux tigre_19.jpg,R1
dataset/R1/ext_1_R1 faux tigre_15.jpg,R1
dataset/R1/ext_2_R1 faux tigre_18.jpg,R1
dataset/R1/ext_4_R1 faux tigre_14.jpg,R1
dataset/R1/ext_4_R1 faux tigre_15.jpg,R1
dataset/R1/ext_2_R1 faux tigre_19.jpg,R1
dataset/R1/ext_1_R1 faux tigre_14.jpg,R1
dataset/R1/ext_7_R1 faux tigre_18.jpg,R1
dataset/R1/ext_8_R1 faux tigre_18.jpg,R1
dataset/R1/ext_1_R1 faux tigre_16.jpg,R1
dataset/R1/ext_4_R1 faux tigre_17.jpg,R1
dataset/R1/ext_4_R1 faux tigre_16.jpg,R1
dataset/R1/ext_1_R1 faux tigre_17.jpg,R1
dataset/R1/ext_8_R1 faux tigre_19.jpg,R1
dataset/R1/ext_5_R1 faux tigre_11.jpg,R1
dataset/R1/ext_3_R1 faux tigre_9.jpg,R1
dataset/R1/ext_3_R1 faux tigre_21.jpg,R1
dataset/R1/ext_0_R1 faux tigre_10.jpg,R1
dataset/R1/ext_9_R1 faux tigre_22.jpg,R1
dataset/R1/ext_6_R1 faux tigre_20.jpg,R1
dataset/R1/ext_2_R1 faux tigre_8.jpg,R1
dataset/R1/ext_6_R1 faux tigre_21.jpg,R1
dataset/R1/ext_2_R1 faux tigre_9.jpg,R1
dataset/R1/ext_9_R1 faux tigre_23.jpg,R1
dataset/R1/ext_0_R1 faux tigre_11.jpg,R1
dataset/R1/ext_3_R1 faux tigre_20.jpg,R1
dataset/R1/ext_3_R1 faux tigre_8.jpg,R1
dataset/R1/ext_5_R1 faux tigre_10.jpg,R1
dataset/R1/ext_0_R1 faux tigre_8.jpg,R1
dataset/R1/ext_5_R1 faux tigre_12.jpg,R1
dataset/R1/ext_3_R1 faux tigre_22.jpg,R1
dataset/R1/R1 faux tigre_19.jpg,R1
dataset/R1/ext_1_R1 faux tigre_9.jpg,R1
dataset/R1/ext_0_R1 faux tigre_13.jpg,R1
dataset/R1/ext_9_R1 faux tigre_21.jpg,R1
dataset/R1/ext_6_R1 faux tigre_23.jpg,R1
dataset/R1/R1 faux tigre_9.jpg,R1
dataset/R1/R1 faux tigre_8.jpg,R1
dataset/R1/ext_6_R1 faux tigre_22.jpg,R1
dataset/R1/ext_9_R1 faux tigre_20.jpg,R1
dataset/R1/ext_0_R1 faux tigre_12.jpg,R1
dataset/R1/ext_1_R1 faux tigre_8.jpg,R1
dataset/R1/R1 faux tigre_18.jpg,R1
dataset/R1/ext_3_R1 faux tigre_23.jpg,R1
dataset/R1/ext_5_R1 faux tigre_13.jpg,R1
dataset/R1/ext_0_R1 faux tigre_9.jpg,R1
dataset/R1/ext_7_R1 faux tigre_8.jpg,R1
dataset/R1/ext_5_R1 faux tigre_17.jpg,R1
dataset/R1/R1 faux tigre_20.jpg,R1
dataset/R1/ext_0_R1 faux tigre_16.jpg,R1
dataset/R1/ext_6_R1 faux tigre_9.jpg,R1
dataset/R1/ext_9_R1 faux tigre_18.jpg,R1
dataset/R1/ext_9_R1 faux tigre_19.jpg,R1
dataset/R1/ext_6_R1 faux tigre_8.jpg,R1
dataset/R1/ext_0_R1 faux tigre_17.jpg,R1
dataset/R1/R1 faux tigre_21.jpg,R1
dataset/R1/ext_5_R1 faux tigre_16.jpg,R1
dataset/R1/ext_7_R1 faux tigre_9.jpg,R1
dataset/R1/ext_5_R1 faux tigre_14.jpg,R1
dataset/R1/ext_4_R1 faux tigre_9.jpg,R1
dataset/R1/R1 faux tigre_23.jpg,R1
dataset/R1/ext_3_R1 faux tigre_18.jpg,R1
dataset/R1/ext_0_R1 faux tigre_15.jpg,R1
dataset/R1/ext_5_R1 faux tigre_8.jpg,R1
dataset/R1/ext_6_R1 faux tigre_19.jpg,R1
dataset/R1/ext_6_R1 faux tigre_18.jpg,R1
dataset/R1/ext_5_R1 faux tigre_9.jpg,R1
dataset/R1/ext_0_R1 faux tigre_14.jpg,R1
dataset/R1/ext_3_R1 faux tigre_19.jpg,R1
dataset/R1/R1 faux tigre_22.jpg,R1
dataset/R1/ext_4_R1 faux tigre_8.jpg,R1
dataset/R1/ext_5_R1 faux tigre_15.jpg,R1
dataset/R1/ext_7_R1 faux tigre_7.jpg,R1
dataset/R1/ext_5_R1 faux tigre_18.jpg,R1
dataset/R1/ext_0_R1 faux tigre_2.jpg,R1
dataset/R1/ext_4_R1 faux tigre_5.jpg,R1
dataset/R1/R1 faux tigre_13.jpg,R1
dataset/R1/ext_3_R1 faux tigre_14.jpg,R1
dataset/R1/ext_1_R1 faux tigre_3.jpg,R1
dataset/R1/ext_0_R1 faux tigre_19.jpg,R1
dataset/R1/ext_6_R1 faux tigre_6.jpg,R1
dataset/R1/ext_9_R1 faux tigre_17.jpg,R1
dataset/R1/ext_2_R1 faux tigre_1.jpg,R1
dataset/R1/ext_6_R1 faux tigre_15.jpg,R1
dataset/R1/ext_5_R1 faux tigre_4.jpg,R1
dataset/R1/R1 faux tigre_3.jpg,R1
dataset/R1/R1 faux tigre_2.jpg,R1
dataset/R1/ext_5_R1 faux tigre_5.jpg,R1
dataset/R1/ext_6_R1 faux tigre_14.jpg,R1
dataset/R1/ext_9_R1 faux tigre_16.jpg,R1
dataset/R1/ext_6_R1 faux tigre_7.jpg,R1
dataset/R1/ext_0_R1 faux tigre_18.jpg,R1
dataset/R1/ext_1_R1 faux tigre_2.jpg,R1
dataset/R1/ext_3_R1 faux tigre_1.jpg,R1
dataset/R1/ext_3_R1 faux tigre_15.jpg,R1
dataset/R1/R1 faux tigre_12.jpg,R1
dataset/R1/ext_4_R1 faux tigre_4.jpg,R1
dataset/R1/ext_0_R1 faux tigre_3.jpg,R1
dataset/R1/ext_5_R1 faux tigre_19.jpg,R1
dataset/R1/ext_7_R1 faux tigre_6.jpg,R1
dataset/R1/ext_7_R1 faux tigre_4.jpg,R1
dataset/R1/ext_0_R1 faux tigre_1.jpg,R1
dataset/R1/R1 faux tigre_10.jpg,R1
dataset/R1/ext_4_R1 faux tigre_6.jpg,R1
dataset/R1/ext_3_R1 faux tigre_17.jpg,R1
dataset/R1/ext_3_R1 faux tigre_3.jpg,R1
dataset/R1/ext_6_R1 faux tigre_5.jpg,R1
dataset/R1/ext_9_R1 faux tigre_14.jpg,R1
dataset/R1/ext_2_R1 faux tigre_2.jpg,R1
dataset/R1/ext_6_R1 faux tigre_16.jpg,R1
dataset/R1/ext_5_R1 faux tigre_7.jpg,R1
dataset/R1/R1 faux tigre_1.jpg,R1
dataset/R1/ext_5_R1 faux tigre_6.jpg,R1
dataset/R1/ext_6_R1 faux tigre_17.jpg,R1
dataset/R1/ext_2_R1 faux tigre_3.jpg,R1
dataset/R1/ext_9_R1 faux tigre_15.jpg,R1
dataset/R1/ext_6_R1 faux tigre_4.jpg,R1
dataset/R1/ext_1_R1 faux tigre_1.jpg,R1
dataset/R1/ext_3_R1 faux tigre_2.jpg,R1
dataset/R1/ext_3_R1 faux tigre_16.jpg,R1
dataset/R1/ext_4_R1 faux tigre_7.jpg,R1
dataset/R1/R1 faux tigre_11.jpg,R1
dataset/R1/ext_7_R1 faux tigre_5.jpg,R1
dataset/R1/ext_5_R1 faux tigre_22.jpg,R1
dataset/R1/ext_0_R1 faux tigre_4.jpg,R1
dataset/R1/ext_7_R1 faux tigre_1.jpg,R1
dataset/R1/ext_3_R1 faux tigre_12.jpg,R1
dataset/R1/ext_3_R1 faux tigre_6.jpg,R1
dataset/R1/R1 faux tigre_15.jpg,R1
dataset/R1/ext_4_R1 faux tigre_3.jpg,R1
dataset/R1/ext_0_R1 faux tigre_23.jpg,R1
dataset/R1/ext_1_R1 faux tigre_5.jpg,R1
dataset/R1/ext_9_R1 faux tigre_11.jpg,R1
dataset/R1/ext_6_R1 faux tigre_13.jpg,R1
dataset/R1/ext_5_R1 faux tigre_2.jpg,R1
dataset/R1/ext_2_R1 faux tigre_7.jpg,R1
dataset/R1/R1 faux tigre_5.jpg,R1
dataset/R1/R1 faux tigre_4.jpg,R1
dataset/R1/ext_2_R1 faux tigre_6.jpg,R1
dataset/R1/ext_5_R1 faux tigre_3.jpg,R1
dataset/R1/ext_6_R1 faux tigre_12.jpg,R1
dataset/R1/ext_9_R1 faux tigre_10.jpg,R1
dataset/R1/ext_1_R1 faux tigre_4.jpg,R1
dataset/R1/ext_6_R1 faux tigre_1.jpg,R1
dataset/R1/ext_0_R1 faux tigre_22.jpg,R1
dataset/R1/ext_4_R1 faux tigre_2.jpg,R1
dataset/R1/R1 faux tigre_14.jpg,R1
dataset/R1/ext_3_R1 faux tigre_7.jpg,R1
dataset/R1/ext_3_R1 faux tigre_13.jpg,R1
dataset/R1/ext_0_R1 faux tigre_5.jpg,R1
dataset/R1/ext_5_R1 faux tigre_23.jpg,R1
dataset/R1/ext_0_R1 faux tigre_7.jpg,R1
dataset/R1/ext_5_R1 faux tigre_21.jpg,R1
dataset/R1/ext_7_R1 faux tigre_2.jpg,R1
dataset/R1/ext_3_R1 faux tigre_11.jpg,R1
dataset/R1/ext_3_R1 faux tigre_5.jpg,R1
dataset/R1/R1 faux tigre_16.jpg,R1
dataset/R1/ext_6_R1 faux tigre_3.jpg,R1
dataset/R1/ext_0_R1 faux tigre_20.jpg,R1
dataset/R1/ext_1_R1 faux tigre_6.jpg,R1
dataset/R1/ext_9_R1 faux tigre_12.jpg,R1
dataset/R1/ext_6_R1 faux tigre_10.jpg,R1
dataset/R1/ext_5_R1 faux tigre_1.jpg,R1
dataset/R1/ext_2_R1 faux tigre_4.jpg,R1
dataset/R1/R1 faux tigre_6.jpg,R1
dataset/R1/R1 faux tigre_7.jpg,R1
dataset/R1/ext_2_R1 faux tigre_5.jpg,R1
dataset/R1/ext_6_R1 faux tigre_11.jpg,R1
dataset/R1/ext_9_R1 faux tigre_13.jpg,R1
dataset/R1/ext_1_R1 faux tigre_7.jpg,R1
dataset/R1/ext_0_R1 faux tigre_21.jpg,R1
dataset/R1/ext_6_R1 faux tigre_2.jpg,R1
dataset/R1/R1 faux tigre_17.jpg,R1
dataset/R1/ext_4_R1 faux tigre_1.jpg,R1
dataset/R1/ext_3_R1 faux tigre_4.jpg,R1
dataset/R1/ext_3_R1 faux tigre_10.jpg,R1
dataset/R1/ext_7_R1 faux tigre_3.jpg,R1
dataset/R1/ext_5_R1 faux tigre_20.jpg,R1
dataset/R1/ext_0_R1 faux tigre_6.jpg,R1
dataset/R1/ext_9_R1 faux tigre_1.jpg,R1
dataset/R1/ext_7_R1 faux tigre_16.jpg,R1
dataset/R1/ext_8_R1 faux tigre_14.jpg,R1
dataset/R1/ext_2_R1 faux tigre_17.jpg,R1
dataset/R1/ext_2_R1 faux tigre_16.jpg,R1
dataset/R1/ext_8_R1 faux tigre_1.jpg,R1
dataset/R1/ext_8_R1 faux tigre_15.jpg,R1
dataset/R1/ext_7_R1 faux tigre_17.jpg,R1
dataset/R1/ext_9_R1 faux tigre_2.jpg,R1
dataset/R1/ext_7_R1 faux tigre_15.jpg,R1
dataset/R1/ext_8_R1 faux tigre_17.jpg,R1
dataset/R1/ext_1_R1 faux tigre_19.jpg,R1
dataset/R1/ext_8_R1 faux tigre_3.jpg,R1
dataset/R1/ext_2_R1 faux tigre_14.jpg,R1
dataset/R1/ext_4_R1 faux tigre_18.jpg,R1
dataset/R1/ext_4_R1 faux tigre_19.jpg,R1
dataset/R1/ext_2_R1 faux tigre_15.jpg,R1
dataset/R1/ext_8_R1 faux tigre_2.jpg,R1
dataset/R1/ext_1_R1 faux tigre_18.jpg,R1
dataset/R1/ext_8_R1 faux tigre_16.jpg,R1
dataset/R1/ext_7_R1 faux tigre_14.jpg,R1
dataset/R1/ext_9_R1 faux tigre_3.jpg,R1
dataset/R1/ext_9_R1 faux tigre_7.jpg,R1
dataset/R1/ext_7_R1 faux tigre_10.jpg,R1
dataset/R1/ext_8_R1 faux tigre_12.jpg,R1
dataset/R1/ext_1_R1 faux tigre_20.jpg,R1
dataset/R1/ext_8_R1 faux tigre_6.jpg,R1
dataset/R1/ext_2_R1 faux tigre_11.jpg,R1
dataset/R1/ext_4_R1 faux tigre_21.jpg,R1
dataset/R1/ext_4_R1 faux tigre_20.jpg,R1
dataset/R1/ext_2_R1 faux tigre_10.jpg,R1
dataset/R1/ext_8_R1 faux tigre_7.jpg,R1
dataset/R1/ext_1_R1 faux tigre_21.jpg,R1
dataset/R1/ext_8_R1 faux tigre_13.jpg,R1
dataset/R1/ext_7_R1 faux tigre_11.jpg,R1
dataset/R1/ext_9_R1 faux tigre_6.jpg,R1
dataset/R1/ext_9_R1 faux tigre_4.jpg,R1
dataset/R1/ext_7_R1 faux tigre_13.jpg,R1
dataset/R1/ext_8_R1 faux tigre_11.jpg,R1
dataset/R1/ext_1_R1 faux tigre_23.jpg,R1
dataset/R1/ext_8_R1 faux tigre_5.jpg,R1
dataset/R1/ext_2_R1 faux tigre_12.jpg,R1
dataset/R1/ext_4_R1 faux tigre_22.jpg,R1
dataset/R1/ext_4_R1 faux tigre_23.jpg,R1
dataset/R1/ext_2_R1 faux tigre_13.jpg,R1
dataset/R1/ext_8_R1 faux tigre_4.jpg,R1
dataset/R1/ext_1_R1 faux tigre_22.jpg,R1
dataset/R1/ext_8_R1 faux tigre_10.jpg,R1
dataset/R1/ext_7_R1 faux tigre_12.jpg,R1
dataset/R1/ext_9_R1 faux tigre_5.jpg,R1
dataset/R6/ext_13_R6 orhyorinques_2.jpg,R6
dataset/R6/ext_51_R6 orhyorinques_3.jpg,R6
dataset/R6/ext_45_R6 orhyorinques_4.jpg,R6
dataset/R6/ext_6_R6 orhyorinques_3.jpg,R6
dataset/R6/ext_4_R6 orhyorinques_4.jpg,R6
dataset/R6/ext_47_R6 orhyorinques_3.jpg,R6
dataset/R6/ext_29_R6 orhyorinques_3.jpg,R6
dataset/R6/ext_29_R6 orhyorinques_2.jpg,R6
dataset/R6/ext_47_R6 orhyorinques_2.jpg,R6
dataset/R6/ext_37_R6 orhyorinques_1.jpg,R6
dataset/R6/ext_11_R6 orhyorinques_4.jpg,R6
dataset/R6/ext_6_R6 orhyorinques_2.jpg,R6
dataset/R6/ext_21_R6 orhyorinques_1.jpg,R6
dataset/R6/ext_51_R6 orhyorinques_2.jpg,R6
dataset/R6/ext_13_R6 orhyorinques_3.jpg,R6
dataset/R6/ext_13_R6 orhyorinques_1.jpg,R6
dataset/R6/ext_21_R6 orhyorinques_3.jpg,R6
dataset/R6/ext_35_R6 orhyorinques_4.jpg,R6
dataset/R6/ext_23_R6 orhyorinques_4.jpg,R6
dataset/R6/ext_37_R6 orhyorinques_3.jpg,R6
dataset/R6/ext_29_R6 orhyorinques_1.jpg,R6
dataset/R6/ext_37_R6 orhyorinques_2.jpg,R6
dataset/R6/ext_47_R6 orhyorinques_1.jpg,R6
dataset/R6/ext_6_R6 orhyorinques_1.jpg,R6
dataset/R6/ext_19_R6 orhyorinques_4.jpg,R6
dataset/R6/ext_51_R6 orhyorinques_1.jpg,R6
dataset/R6/ext_21_R6 orhyorinques_2.jpg,R6
dataset/R6/ext_13_R6 orhyorinques_4.jpg,R6
dataset/R6/ext_45_R6 orhyorinques_2.jpg,R6
dataset/R6/ext_35_R6 orhyorinques_1.jpg,R6
dataset/R6/ext_11_R6 orhyorinques_3.jpg,R6
dataset/R6/ext_23_R6 orhyorinques_1.jpg,R6
dataset/R6/ext_4_R6 orhyorinques_2.jpg,R6
dataset/R6/ext_4_R6 orhyorinques_3.jpg,R6
dataset/R6/ext_47_R6 orhyorinques_4.jpg,R6
dataset/R6/ext_29_R6 orhyorinques_4.jpg,R6
dataset/R6/ext_11_R6 orhyorinques_2.jpg,R6
dataset/R6/ext_19_R6 orhyorinques_1.jpg,R6
dataset/R6/ext_45_R6 orhyorinques_3.jpg,R6
dataset/R6/ext_6_R6 orhyorinques_4.jpg,R6
dataset/R6/ext_51_R6 orhyorinques_4.jpg,R6
dataset/R6/ext_35_R6 orhyorinques_2.jpg,R6
dataset/R6/ext_45_R6 orhyorinques_1.jpg,R6
dataset/R6/ext_19_R6 orhyorinques_3.jpg,R6
dataset/R6/ext_23_R6 orhyorinques_2.jpg,R6
dataset/R6/ext_4_R6 orhyorinques_1.jpg,R6
dataset/R6/ext_37_R6 orhyorinques_4.jpg,R6
dataset/R6/ext_23_R6 orhyorinques_3.jpg,R6
dataset/R6/ext_11_R6 orhyorinques_1.jpg,R6
dataset/R6/ext_19_R6 orhyorinques_2.jpg,R6
dataset/R6/ext_35_R6 orhyorinques_3.jpg,R6
dataset/R6/ext_21_R6 orhyorinques_4.jpg,R6
dataset/R6/ext_31_R6 orhyorinques_4.jpg,R6
dataset/R6/ext_8_R6 orhyorinques_4.jpg,R6
dataset/R6/ext_17_R6 orhyorinques_1.jpg,R6
dataset/R6/ext_25_R6 orhyorinques_3.jpg,R6
dataset/R6/ext_33_R6 orhyorinques_3.jpg,R6
dataset/R6/ext_27_R6 orhyorinques_4.jpg,R6
dataset/R6/R6 orhyorinques_4.jpg,R6
dataset/R6/ext_49_R6 orhyorinques_4.jpg,R6
dataset/R6/ext_43_R6 orhyorinques_1.jpg,R6
dataset/R6/ext_33_R6 orhyorinques_2.jpg,R6
dataset/R6/ext_25_R6 orhyorinques_2.jpg,R6
dataset/R6/ext_2_R6 orhyorinques_1.jpg,R6
dataset/R6/ext_41_R6 orhyorinques_4.jpg,R6
dataset/R6/ext_2_R6 orhyorinques_3.jpg,R6
dataset/R6/ext_17_R6 orhyorinques_2.jpg,R6
dataset/R6/ext_0_R6 orhyorinques_4.jpg,R6
dataset/R6/ext_43_R6 orhyorinques_3.jpg,R6
dataset/R6/ext_39_R6 orhyorinques_4.jpg,R6
dataset/R6/ext_15_R6 orhyorinques_4.jpg,R6
dataset/R6/ext_33_R6 orhyorinques_1.jpg,R6
dataset/R6/ext_43_R6 orhyorinques_2.jpg,R6
dataset/R6/ext_25_R6 orhyorinques_1.jpg,R6
dataset/R6/ext_17_R6 orhyorinques_3.jpg,R6
dataset/R6/ext_2_R6 orhyorinques_2.jpg,R6
dataset/R6/ext_41_R6 orhyorinques_1.jpg,R6
dataset/R6/ext_31_R6 orhyorinques_2.jpg,R6
dataset/R6/ext_8_R6 orhyorinques_2.jpg,R6
dataset/R6/ext_0_R6 orhyorinques_1.jpg,R6
dataset/R6/ext_49_R6 orhyorinques_2.jpg,R6
dataset/R6/ext_39_R6 orhyorinques_1.jpg,R6
dataset/R6/ext_27_R6 orhyorinques_2.jpg,R6
dataset/R6/R6 orhyorinques_2.jpg,R6
dataset/R6/ext_27_R6 orhyorinques_3.jpg,R6
dataset/R6/R6 orhyorinques_3.jpg,R6
dataset/R6/ext_15_R6 orhyorinques_1.jpg,R6
dataset/R6/ext_49_R6 orhyorinques_3.jpg,R6
dataset/R6/ext_33_R6 orhyorinques_4.jpg,R6
dataset/R6/ext_8_R6 orhyorinques_3.jpg,R6
dataset/R6/ext_25_R6 orhyorinques_4.jpg,R6
dataset/R6/ext_31_R6 orhyorinques_3.jpg,R6
dataset/R6/ext_31_R6 orhyorinques_1.jpg,R6
dataset/R6/ext_41_R6 orhyorinques_2.jpg,R6
dataset/R6/ext_17_R6 orhyorinques_4.jpg,R6
dataset/R6/ext_8_R6 orhyorinques_1.jpg,R6
dataset/R6/ext_0_R6 orhyorinques_2.jpg,R6
dataset/R6/ext_39_R6 orhyorinques_2.jpg,R6
dataset/R6/ext_49_R6 orhyorinques_1.jpg,R6
dataset/R6/ext_15_R6 orhyorinques_3.jpg,R6
dataset/R6/R6 orhyorinques_1.jpg,R6
dataset/R6/ext_27_R6 orhyorinques_1.jpg,R6
dataset/R6/ext_15_R6 orhyorinques_2.jpg,R6
dataset/R6/ext_39_R6 orhyorinques_3.jpg,R6
dataset/R6/ext_0_R6 orhyorinques_3.jpg,R6
dataset/R6/ext_43_R6 orhyorinques_4.jpg,R6
dataset/R6/ext_41_R6 orhyorinques_3.jpg,R6
dataset/R6/ext_2_R6 orhyorinques_4.jpg,R6
dataset/R6/ext_22_R6 orhyorinques_4.jpg,R6
dataset/R6/ext_36_R6 orhyorinques_3.jpg,R6
dataset/R6/ext_20_R6 orhyorinques_3.jpg,R6
dataset/R6/ext_12_R6 orhyorinques_1.jpg,R6
dataset/R6/ext_34_R6 orhyorinques_4.jpg,R6
dataset/R6/ext_7_R6 orhyorinques_1.jpg,R6
dataset/R6/ext_18_R6 orhyorinques_4.jpg,R6
dataset/R6/ext_20_R6 orhyorinques_2.jpg,R6
dataset/R6/ext_50_R6 orhyorinques_1.jpg,R6
dataset/R6/ext_46_R6 orhyorinques_1.jpg,R6
dataset/R6/ext_36_R6 orhyorinques_2.jpg,R6
dataset/R6/ext_28_R6 orhyorinques_1.jpg,R6
dataset/R6/ext_28_R6 orhyorinques_3.jpg,R6
dataset/R6/ext_5_R6 orhyorinques_4.jpg,R6
dataset/R6/ext_46_R6 orhyorinques_3.jpg,R6
dataset/R6/ext_50_R6 orhyorinques_3.jpg,R6
dataset/R6/ext_12_R6 orhyorinques_2.jpg,R6
dataset/R6/ext_44_R6 orhyorinques_4.jpg,R6
dataset/R6/ext_7_R6 orhyorinques_3.jpg,R6
dataset/R6/ext_7_R6 orhyorinques_2.jpg,R6
dataset/R6/ext_12_R6 orhyorinques_3.jpg,R6
dataset/R6/ext_50_R6 orhyorinques_2.jpg,R6
dataset/R6/ext_20_R6 orhyorinques_1.jpg,R6
dataset/R6/ext_36_R6 orhyorinques_1.jpg,R6
dataset/R6/ext_46_R6 orhyorinques_2.jpg,R6
dataset/R6/ext_28_R6 orhyorinques_2.jpg,R6
dataset/R6/ext_10_R6 orhyorinques_4.jpg,R6
dataset/R6/ext_22_R6 orhyorinques_2.jpg,R6
dataset/R6/ext_5_R6 orhyorinques_1.jpg,R6
dataset/R6/ext_44_R6 orhyorinques_1.jpg,R6
dataset/R6/ext_18_R6 orhyorinques_3.jpg,R6
dataset/R6/ext_34_R6 orhyorinques_2.jpg,R6
dataset/R6/ext_34_R6 orhyorinques_3.jpg,R6
dataset/R6/ext_18_R6 orhyorinques_2.jpg,R6
dataset/R6/ext_20_R6 orhyorinques_4.jpg,R6
dataset/R6/ext_36_R6 orhyorinques_4.jpg,R6
dataset/R6/ext_10_R6 orhyorinques_1.jpg,R6
dataset/R6/ext_22_R6 orhyorinques_3.jpg,R6
dataset/R6/ext_22_R6 orhyorinques_1.jpg,R6
dataset/R6/ext_10_R6 orhyorinques_3.jpg,R6
dataset/R6/ext_5_R6 orhyorinques_2.jpg,R6
dataset/R6/ext_12_R6 orhyorinques_4.jpg,R6
dataset/R6/ext_34_R6 orhyorinques_1.jpg,R6
dataset/R6/ext_44_R6 orhyorinques_2.jpg,R6
dataset/R6/ext_18_R6 orhyorinques_1.jpg,R6
dataset/R6/ext_44_R6 orhyorinques_3.jpg,R6
dataset/R6/ext_7_R6 orhyorinques_4.jpg,R6
dataset/R6/ext_50_R6 orhyorinques_4.jpg,R6
dataset/R6/ext_28_R6 orhyorinques_4.jpg,R6
dataset/R6/ext_5_R6 orhyorinques_3.jpg,R6
dataset/R6/ext_46_R6 orhyorinques_4.jpg,R6
dataset/R6/ext_10_R6 orhyorinques_2.jpg,R6
dataset/R6/ext_1_R6 orhyorinques_4.jpg,R6
dataset/R6/ext_42_R6 orhyorinques_3.jpg,R6
dataset/R6/ext_38_R6 orhyorinques_4.jpg,R6
dataset/R6/ext_40_R6 orhyorinques_4.jpg,R6
dataset/R6/ext_3_R6 orhyorinques_3.jpg,R6
dataset/R6/ext_16_R6 orhyorinques_2.jpg,R6
dataset/R6/ext_16_R6 orhyorinques_3.jpg,R6
dataset/R6/ext_24_R6 orhyorinques_1.jpg,R6
dataset/R6/ext_3_R6 orhyorinques_2.jpg,R6
dataset/R6/ext_14_R6 orhyorinques_4.jpg,R6
dataset/R6/ext_42_R6 orhyorinques_2.jpg,R6
dataset/R6/ext_32_R6 orhyorinques_1.jpg,R6
dataset/R6/ext_32_R6 orhyorinques_3.jpg,R6
dataset/R6/ext_48_R6 orhyorinques_4.jpg,R6
dataset/R6/ext_26_R6 orhyorinques_4.jpg,R6
dataset/R6/ext_30_R6 orhyorinques_4.jpg,R6
dataset/R6/ext_24_R6 orhyorinques_3.jpg,R6
dataset/R6/ext_9_R6 orhyorinques_4.jpg,R6
dataset/R6/ext_16_R6 orhyorinques_1.jpg,R6
dataset/R6/ext_24_R6 orhyorinques_2.jpg,R6
dataset/R6/ext_3_R6 orhyorinques_1.jpg,R6
dataset/R6/ext_32_R6 orhyorinques_2.jpg,R6
dataset/R6/ext_42_R6 orhyorinques_1.jpg,R6
dataset/R6/ext_1_R6 orhyorinques_2.jpg,R6
dataset/R6/ext_26_R6 orhyorinques_1.jpg,R6
dataset/R6/ext_48_R6 orhyorinques_1.jpg,R6
dataset/R6/ext_14_R6 orhyorinques_3.jpg,R6
dataset/R6/ext_38_R6 orhyorinques_2.jpg,R6
dataset/R6/ext_40_R6 orhyorinques_2.jpg,R6
dataset/R6/ext_30_R6 orhyorinques_1.jpg,R6
dataset/R6/ext_16_R6 orhyorinques_4.jpg,R6
dataset/R6/ext_9_R6 orhyorinques_1.jpg,R6
dataset/R6/ext_40_R6 orhyorinques_3.jpg,R6
dataset/R6/ext_3_R6 orhyorinques_4.jpg,R6
dataset/R6/ext_38_R6 orhyorinques_3.jpg,R6
dataset/R6/ext_14_R6 orhyorinques_2.jpg,R6
dataset/R6/ext_1_R6 orhyorinques_3.jpg,R6
dataset/R6/ext_42_R6 orhyorinques_4.jpg,R6
dataset/R6/ext_1_R6 orhyorinques_1.jpg,R6
dataset/R6/ext_26_R6 orhyorinques_2.jpg,R6
dataset/R6/ext_38_R6 orhyorinques_1.jpg,R6
dataset/R6/ext_48_R6 orhyorinques_2.jpg,R6
dataset/R6/ext_30_R6 orhyorinques_2.jpg,R6
dataset/R6/ext_40_R6 orhyorinques_1.jpg,R6
dataset/R6/ext_9_R6 orhyorinques_2.jpg,R6
dataset/R6/ext_24_R6 orhyorinques_4.jpg,R6
dataset/R6/ext_9_R6 orhyorinques_3.jpg,R6
dataset/R6/ext_30_R6 orhyorinques_3.jpg,R6
dataset/R6/ext_14_R6 orhyorinques_1.jpg,R6
dataset/R6/ext_48_R6 orhyorinques_3.jpg,R6
dataset/R6/ext_26_R6 orhyorinques_3.jpg,R6
dataset/R6/ext_32_R6 orhyorinques_4.jpg,R6
dataset/MF1/ext_1_MF1 rouille_17.jpg,MF1
dataset/MF1/ext_0_MF1_27.jpg,MF1
dataset/MF1/ext_0_MF1_33.jpg,MF1
dataset/MF1/MF1 rouille_7.jpg,MF1
dataset/MF1/MF1_32.jpg,MF1
dataset/MF1/MF1_26.jpg,MF1
dataset/MF1/ext_2_MF1 rouille_13.jpg,MF1
dataset/MF1/ext_0_MF1 rouille_25.jpg,MF1
dataset/MF1/ext_0_MF1 rouille_19.jpg,MF1
dataset/MF1/ext_0_MF1_4.jpg,MF1
dataset/MF1/ext_0_MF1_5.jpg,MF1
dataset/MF1/ext_0_MF1 rouille_18.jpg,MF1
dataset/MF1/ext_0_MF1 rouille_24.jpg,MF1
dataset/MF1/ext_2_MF1 rouille_12.jpg,MF1
dataset/MF1/MF1_27.jpg,MF1
dataset/MF1/MF1_33.jpg,MF1
dataset/MF1/ext_1_MF1 SA rouille_1.jpg,MF1
dataset/MF1/MF1 rouille_6.jpg,MF1
dataset/MF1/ext_0_MF1_32.jpg,MF1
dataset/MF1/ext_0_MF1_26.jpg,MF1
dataset/MF1/ext_1_MF1 rouille_16.jpg,MF1
dataset/MF1/ext_1_MF1 rouille_14.jpg,MF1
dataset/MF1/ext_0_MF1_30.jpg,MF1
dataset/MF1/ext_0_MF1_24.jpg,MF1
dataset/MF1/MF1 rouille_4.jpg,MF1
dataset/MF1/ext_0_MF1_18.jpg,MF1
dataset/MF1/ext_1_MF1 SA rouille_3.jpg,MF1
dataset/MF1/MF1_25.jpg,MF1
dataset/MF1/ext_2_MF1 rouille_10.jpg,MF1
dataset/MF1/MF1_31.jpg,MF1
dataset/MF1/MF1_19.jpg,MF1
dataset/MF1/ext_0_MF1_7.jpg,MF1
dataset/MF1/ext_0_MF1_6.jpg,MF1
dataset/MF1/MF1_18.jpg,MF1
dataset/MF1/MF1_30.jpg,MF1
dataset/MF1/ext_2_MF1 rouille_11.jpg,MF1
dataset/MF1/MF1_24.jpg,MF1
dataset/MF1/ext_1_MF1 SA rouille_2.jpg,MF1
dataset/MF1/ext_0_MF1_19.jpg,MF1
dataset/MF1/MF1 rouille_5.jpg,MF1
dataset/MF1/ext_0_MF1_25.jpg,MF1
dataset/MF1/ext_0_MF1_31.jpg,MF1
dataset/MF1/ext_1_MF1 rouille_15.jpg,MF1
dataset/MF1/ext_1_MF1 rouille_11.jpg,MF1
dataset/MF1/MF1 rouille_1.jpg,MF1
dataset/MF1/ext_0_MF1_35.jpg,MF1
dataset/MF1/ext_0_MF1_21.jpg,MF1
dataset/MF1/MF1_20.jpg,MF1
dataset/MF1/ext_2_MF1 rouille_15.jpg,MF1
dataset/MF1/MF1_34.jpg,MF1
dataset/MF1/ext_2_MF1 rouille_8.jpg,MF1
dataset/MF1/ext_0_MF1 rouille_23.jpg,MF1
dataset/MF1/ext_0_MF1_2.jpg,MF1
dataset/MF1/ext_0_MF1_3.jpg,MF1
dataset/MF1/ext_0_MF1 rouille_22.jpg,MF1
dataset/MF1/ext_2_MF1 rouille_9.jpg,MF1
dataset/MF1/MF1_35.jpg,MF1
dataset/MF1/ext_2_MF1 rouille_14.jpg,MF1
dataset/MF1/MF1_21.jpg,MF1
dataset/MF1/ext_0_MF1_20.jpg,MF1
dataset/MF1/ext_0_MF1_34.jpg,MF1
dataset/MF1/ext_1_MF1 rouille_10.jpg,MF1
dataset/MF1/ext_1_MF1 rouille_12.jpg,MF1
dataset/MF1/MF1 rouille_2.jpg,MF1
dataset/MF1/ext_0_MF1_22.jpg,MF1
dataset/MF1/ext_0_MF1_36.jpg,MF1
dataset/MF1/ext_2_MF1_40.jpg,MF1
dataset/MF1/MF1_37.jpg,MF1
dataset/MF1/MF1_23.jpg,MF1
dataset/MF1/ext_2_MF1 rouille_16.jpg,MF1
dataset/MF1/ext_0_MF1 rouille_20.jpg,MF1
dataset/MF1/ext_0_MF1_1.jpg,MF1
dataset/MF1/ext_0_MF1 rouille_21.jpg,MF1
dataset/MF1/ext_2_MF1 rouille_17.jpg,MF1
dataset/MF1/MF1_22.jpg,MF1
dataset/MF1/ext_2_MF1_41.jpg,MF1
dataset/MF1/MF1_36.jpg,MF1
dataset/MF1/ext_1_MF1 SA rouille_4.jpg,MF1
dataset/MF1/ext_0_MF1_37.jpg,MF1
dataset/MF1/ext_0_MF1_23.jpg,MF1
dataset/MF1/MF1 rouille_3.jpg,MF1
dataset/MF1/ext_1_MF1 rouille_13.jpg,MF1
dataset/MF1/MF1 rouille_23.jpg,MF1
dataset/MF1/ext_0_MF1 SA rouille_3.jpg,MF1
dataset/MF1/ext_1_MF1_4.jpg,MF1
dataset/MF1/ext_2_MF1_26.jpg,MF1
dataset/MF1/ext_2_MF1_32.jpg,MF1
dataset/MF1/ext_1_MF1_28.jpg,MF1
dataset/MF1/ext_1_MF1_14.jpg,MF1
dataset/MF1/ext_1_MF1 rouille_8.jpg,MF1
dataset/MF1/ext_1_MF1 rouille_9.jpg,MF1
dataset/MF1/ext_1_MF1_15.jpg,MF1
dataset/MF1/ext_1_MF1_29.jpg,MF1
dataset/MF1/ext_2_MF1_33.jpg,MF1
dataset/MF1/ext_2_MF1_27.jpg,MF1
dataset/MF1/ext_1_MF1_5.jpg,MF1
dataset/MF1/ext_0_MF1 SA rouille_2.jpg,MF1
dataset/MF1/MF1 rouille_22.jpg,MF1
dataset/MF1/MF1 rouille_20.jpg,MF1
dataset/MF1/ext_1_MF1_7.jpg,MF1
dataset/MF1/MF1_9.jpg,MF1
dataset/MF1/ext_2_MF1_31.jpg,MF1
dataset/MF1/ext_2_MF1_25.jpg,MF1
dataset/MF1/ext_2_MF1_19.jpg,MF1
dataset/MF1/ext_1_MF1_17.jpg,MF1
dataset/MF1/ext_1_MF1_16.jpg,MF1
dataset/MF1/ext_2_MF1_18.jpg,MF1
dataset/MF1/ext_2_MF1_24.jpg,MF1
dataset/MF1/ext_2_MF1_30.jpg,MF1
dataset/MF1/ext_0_MF1 SA rouille_1.jpg,MF1
dataset/MF1/MF1_8.jpg,MF1
dataset/MF1/ext_1_MF1_6.jpg,MF1
dataset/MF1/MF1 rouille_21.jpg,MF1
dataset/MF1/MF1 rouille_25.jpg,MF1
dataset/MF1/MF1 rouille_19.jpg,MF1
dataset/MF1/ext_1_MF1_2.jpg,MF1
dataset/MF1/ext_2_MF1_34.jpg,MF1
dataset/MF1/ext_2_MF1_20.jpg,MF1
dataset/MF1/ext_1_MF1_12.jpg,MF1
dataset/MF1/ext_0_MF1 rouille_8.jpg,MF1
dataset/MF1/ext_0_MF1 rouille_9.jpg,MF1
dataset/MF1/ext_1_MF1_13.jpg,MF1
dataset/MF1/ext_2_MF1_21.jpg,MF1
dataset/MF1/ext_2_MF1_35.jpg,MF1
dataset/MF1/ext_0_MF1 SA rouille_4.jpg,MF1
dataset/MF1/ext_1_MF1_3.jpg,MF1
dataset/MF1/MF1 rouille_18.jpg,MF1
dataset/MF1/MF1 rouille_24.jpg,MF1
dataset/MF1/ext_2_MF1_9.jpg,MF1
dataset/MF1/ext_0_MF1_41.jpg,MF1
dataset/MF1/ext_1_MF1_1.jpg,MF1
dataset/MF1/ext_2_MF1_23.jpg,MF1
dataset/MF1/ext_2_MF1_37.jpg,MF1
dataset/MF1/MF1_40.jpg,MF1
dataset/MF1/ext_1_MF1_11.jpg,MF1
dataset/MF1/ext_1_MF1_39.jpg,MF1
dataset/MF1/ext_1_MF1_38.jpg,MF1
dataset/MF1/ext_1_MF1_10.jpg,MF1
dataset/MF1/ext_2_MF1_36.jpg,MF1
dataset/MF1/MF1_41.jpg,MF1
dataset/MF1/ext_2_MF1_22.jpg,MF1
dataset/MF1/ext_0_MF1_40.jpg,MF1
dataset/MF1/ext_2_MF1_8.jpg,MF1
dataset/MF1/MF1 rouille_16.jpg,MF1
dataset/MF1/ext_2_MF1_5.jpg,MF1
dataset/MF1/MF1_3.jpg,MF1
dataset/MF1/ext_2_MF1_13.jpg,MF1
dataset/MF1/ext_1_MF1_21.jpg,MF1
dataset/MF1/ext_1_MF1_35.jpg,MF1
dataset/MF1/ext_1_MF1 rouille_1.jpg,MF1
dataset/MF1/ext_0_MF1 rouille_7.jpg,MF1
dataset/MF1/ext_0_MF1 rouille_6.jpg,MF1
dataset/MF1/ext_1_MF1_34.jpg,MF1
dataset/MF1/ext_1_MF1_20.jpg,MF1
dataset/MF1/MF1 SA rouille_1.jpg,MF1
dataset/MF1/ext_2_MF1_12.jpg,MF1
dataset/MF1/MF1_2.jpg,MF1
dataset/MF1/ext_2_MF1_4.jpg,MF1
dataset/MF1/MF1 rouille_17.jpg,MF1
dataset/MF1/MF1 rouille_15.jpg,MF1
dataset/MF1/ext_2_MF1_6.jpg,MF1
dataset/MF1/ext_2_MF1_10.jpg,MF1
dataset/MF1/MF1 SA rouille_3.jpg,MF1
dataset/MF1/ext_2_MF1_38.jpg,MF1
dataset/MF1/ext_1_MF1_36.jpg,MF1
dataset/MF1/ext_1_MF1_22.jpg,MF1
dataset/MF1/ext_0_MF1 rouille_4.jpg,MF1
dataset/MF1/ext_1_MF1 rouille_2.jpg,MF1
dataset/MF1/ext_0_MF1 rouille_5.jpg,MF1
dataset/MF1/ext_1_MF1 rouille_3.jpg,MF1
dataset/MF1/ext_1_MF1_23.jpg,MF1
dataset/MF1/ext_1_MF1_37.jpg,MF1
dataset/MF1/ext_2_MF1_39.jpg,MF1
dataset/MF1/MF1 SA rouille_2.jpg,MF1
dataset/MF1/ext_2_MF1_11.jpg,MF1
dataset/MF1/MF1_1.jpg,MF1
dataset/MF1/ext_2_MF1_7.jpg,MF1
dataset/MF1/MF1 rouille_14.jpg,MF1
dataset/MF1/MF1 rouille_10.jpg,MF1
dataset/MF1/ext_2_MF1_3.jpg,MF1
dataset/MF1/MF1_5.jpg,MF1
dataset/MF1/ext_2_MF1_29.jpg,MF1
dataset/MF1/ext_2_MF1_15.jpg,MF1
dataset/MF1/ext_1_MF1_33.jpg,MF1
dataset/MF1/ext_1_MF1_27.jpg,MF1
dataset/MF1/ext_1_MF1 rouille_7.jpg,MF1
dataset/MF1/ext_0_MF1 rouille_1.jpg,MF1
dataset/MF1/ext_1_MF1 rouille_6.jpg,MF1
dataset/MF1/ext_1_MF1_26.jpg,MF1
dataset/MF1/ext_1_MF1_32.jpg,MF1
dataset/MF1/ext_2_MF1_14.jpg,MF1
dataset/MF1/ext_2_MF1_28.jpg,MF1
dataset/MF1/MF1_4.jpg,MF1
dataset/MF1/ext_2_MF1_2.jpg,MF1
dataset/MF1/MF1 rouille_11.jpg,MF1
dataset/MF1/MF1 rouille_13.jpg,MF1
dataset/MF1/MF1_6.jpg,MF1
dataset/MF1/ext_1_MF1_8.jpg,MF1
dataset/MF1/ext_2_MF1_16.jpg,MF1
dataset/MF1/ext_1_MF1_24.jpg,MF1
dataset/MF1/ext_1_MF1_30.jpg,MF1
dataset/MF1/ext_1_MF1_18.jpg,MF1
dataset/MF1/ext_0_MF1 rouille_2.jpg,MF1
dataset/MF1/ext_1_MF1 rouille_4.jpg,MF1
dataset/MF1/ext_0_MF1 rouille_3.jpg,MF1
dataset/MF1/ext_1_MF1 rouille_5.jpg,MF1
dataset/MF1/ext_1_MF1_19.jpg,MF1
dataset/MF1/ext_1_MF1_31.jpg,MF1
dataset/MF1/ext_1_MF1_25.jpg,MF1
dataset/MF1/MF1 SA rouille_4.jpg,MF1
dataset/MF1/ext_2_MF1_17.jpg,MF1
dataset/MF1/ext_1_MF1_9.jpg,MF1
dataset/MF1/MF1_7.jpg,MF1
dataset/MF1/ext_2_MF1_1.jpg,MF1
dataset/MF1/MF1 rouille_12.jpg,MF1
dataset/MF1/ext_1_MF1 rouille_22.jpg,MF1
dataset/MF1/ext_0_MF1_12.jpg,MF1
dataset/MF1/ext_2_MF1 SA rouille_4.jpg,MF1
dataset/MF1/MF1_13.jpg,MF1
dataset/MF1/ext_0_MF1 rouille_10.jpg,MF1
dataset/MF1/ext_2_MF1 rouille_7.jpg,MF1
dataset/MF1/ext_2_MF1 rouille_6.jpg,MF1
dataset/MF1/ext_0_MF1 rouille_11.jpg,MF1
dataset/MF1/MF1_12.jpg,MF1
dataset/MF1/ext_0_MF1_13.jpg,MF1
dataset/MF1/ext_1_MF1 rouille_23.jpg,MF1
dataset/MF1/ext_1_MF1 rouille_21.jpg,MF1
dataset/MF1/ext_0_MF1_11.jpg,MF1
dataset/MF1/ext_0_MF1_39.jpg,MF1
dataset/MF1/MF1_10.jpg,MF1
dataset/MF1/ext_2_MF1 rouille_25.jpg,MF1
dataset/MF1/MF1_38.jpg,MF1
dataset/MF1/ext_2_MF1 rouille_19.jpg,MF1
dataset/MF1/ext_0_MF1 rouille_13.jpg,MF1
dataset/MF1/ext_1_MF1_41.jpg,MF1
dataset/MF1/ext_2_MF1 rouille_4.jpg,MF1
dataset/MF1/ext_1_MF1_40.jpg,MF1
dataset/MF1/ext_2_MF1 rouille_5.jpg,MF1
dataset/MF1/ext_0_MF1 rouille_12.jpg,MF1
dataset/MF1/ext_2_MF1 rouille_18.jpg,MF1
dataset/MF1/MF1_39.jpg,MF1
dataset/MF1/ext_2_MF1 rouille_24.jpg,MF1
dataset/MF1/MF1_11.jpg,MF1
dataset/MF1/ext_0_MF1_38.jpg,MF1
dataset/MF1/ext_0_MF1_10.jpg,MF1
dataset/MF1/ext_1_MF1 rouille_20.jpg,MF1
dataset/MF1/ext_1_MF1 rouille_24.jpg,MF1
dataset/MF1/ext_1_MF1 rouille_18.jpg,MF1
dataset/MF1/ext_0_MF1_28.jpg,MF1
dataset/MF1/ext_2_MF1 SA rouille_2.jpg,MF1
dataset/MF1/ext_0_MF1_14.jpg,MF1
dataset/MF1/MF1 rouille_8.jpg,MF1
dataset/MF1/MF1_29.jpg,MF1
dataset/MF1/MF1_15.jpg,MF1
dataset/MF1/ext_2_MF1 rouille_20.jpg,MF1
dataset/MF1/ext_2_MF1 rouille_1.jpg,MF1
dataset/MF1/ext_0_MF1 rouille_16.jpg,MF1
dataset/MF1/ext_0_MF1 rouille_17.jpg,MF1
dataset/MF1/ext_2_MF1 rouille_21.jpg,MF1
dataset/MF1/MF1_14.jpg,MF1
dataset/MF1/MF1_28.jpg,MF1
dataset/MF1/MF1 rouille_9.jpg,MF1
dataset/MF1/ext_0_MF1_15.jpg,MF1
dataset/MF1/ext_2_MF1 SA rouille_3.jpg,MF1
dataset/MF1/ext_0_MF1_29.jpg,MF1
dataset/MF1/ext_1_MF1 rouille_19.jpg,MF1
dataset/MF1/ext_1_MF1 rouille_25.jpg,MF1
dataset/MF1/ext_2_MF1 SA rouille_1.jpg,MF1
dataset/MF1/ext_0_MF1_17.jpg,MF1
dataset/MF1/MF1_16.jpg,MF1
dataset/MF1/ext_2_MF1 rouille_23.jpg,MF1
dataset/MF1/ext_2_MF1 rouille_2.jpg,MF1
dataset/MF1/ext_0_MF1 rouille_15.jpg,MF1
dataset/MF1/ext_0_MF1_8.jpg,MF1
dataset/MF1/ext_0_MF1_9.jpg,MF1
dataset/MF1/ext_0_MF1 rouille_14.jpg,MF1
dataset/MF1/ext_2_MF1 rouille_3.jpg,MF1
dataset/MF1/ext_2_MF1 rouille_22.jpg,MF1
dataset/MF1/MF1_17.jpg,MF1
dataset/MF1/ext_0_MF1_16.jpg,MF1
dataset/MF3/ext_6_MF3_1.jpg,MF3
dataset/MF3/ext_5_MF3_9.jpg,MF3
dataset/MF3/ext_3_MF3 Coryneum_3.jpg,MF3
dataset/MF3/ext_6_MF3_15.jpg,MF3
dataset/MF3/ext_0_MF3_6.jpg,MF3
dataset/MF3/ext_8_MF3_18.jpg,MF3
dataset/MF3/ext_3_MF3_10.jpg,MF3
dataset/MF3/ext_3_MF3_11.jpg,MF3
dataset/MF3/ext_8_MF3_19.jpg,MF3
dataset/MF3/ext_0_MF3_7.jpg,MF3
dataset/MF3/ext_6_MF3_14.jpg,MF3
dataset/MF3/ext_3_MF3 Coryneum_2.jpg,MF3
dataset/MF3/ext_5_MF3_8.jpg,MF3
dataset/MF3/ext_6_MF3_2.jpg,MF3
dataset/MF3/ext_5_MF3_18.jpg,MF3
dataset/MF3/ext_6_MF3_16.jpg,MF3
dataset/MF3/ext_8_MF3_9.jpg,MF3
dataset/MF3/ext_0_MF3_5.jpg,MF3
dataset/MF3/ext_3_MF3_13.jpg,MF3
dataset/MF3/ext_3_MF3_12.jpg,MF3
dataset/MF3/ext_0_MF3_4.jpg,MF3
dataset/MF3/ext_8_MF3_8.jpg,MF3
dataset/MF3/ext_3_MF3 Coryneum_1.jpg,MF3
dataset/MF3/ext_6_MF3_17.jpg,MF3
dataset/MF3/ext_5_MF3_19.jpg,MF3
dataset/MF3/ext_6_MF3_3.jpg,MF3
dataset/MF3/ext_6_MF3_7.jpg,MF3
dataset/MF3/ext_6_MF3_13.jpg,MF3
dataset/MF3/MF3_19.jpg,MF3
dataset/MF3/ext_0_MF3_18.jpg,MF3
dataset/MF3/ext_3_MF3_8.jpg,MF3
dataset/MF3/ext_3_MF3_16.jpg,MF3
dataset/MF3/ext_0_MF3 Coryneum_1.jpg,MF3
dataset/MF3/ext_3_MF3_9.jpg,MF3
dataset/MF3/ext_3_MF3_17.jpg,MF3
dataset/MF3/ext_0_MF3_1.jpg,MF3
dataset/MF3/ext_0_MF3_19.jpg,MF3
dataset/MF3/MF3_18.jpg,MF3
dataset/MF3/ext_6_MF3_12.jpg,MF3
dataset/MF3/ext_6_MF3_6.jpg,MF3
dataset/MF3/ext_6_MF3_4.jpg,MF3
dataset/MF3/ext_6_MF3_10.jpg,MF3
dataset/MF3/ext_0_MF3_3.jpg,MF3
dataset/MF3/ext_3_MF3_15.jpg,MF3
dataset/MF3/ext_0_MF3 Coryneum_2.jpg,MF3
dataset/MF3/ext_0_MF3 Coryneum_3.jpg,MF3
dataset/MF3/ext_3_MF3_14.jpg,MF3
dataset/MF3/ext_0_MF3_2.jpg,MF3
dataset/MF3/ext_6_MF3_11.jpg,MF3
dataset/MF3/ext_6_MF3_5.jpg,MF3
dataset/MF3/ext_1_MF3_11.jpg,MF3
dataset/MF3/MF3_8.jpg,MF3
dataset/MF3/ext_1_MF3_6.jpg,MF3
dataset/MF3/MF3 Coryneum_1.jpg,MF3
dataset/MF3/ext_6_MF3 Coryneum_2.jpg,MF3
dataset/MF3/ext_9_MF3_17.jpg,MF3
dataset/MF3/ext_7_MF3_1.jpg,MF3
dataset/MF3/ext_4_MF3_14.jpg,MF3
dataset/MF3/ext_4_MF3_9.jpg,MF3
dataset/MF3/ext_4_MF3_8.jpg,MF3
dataset/MF3/ext_4_MF3_15.jpg,MF3
dataset/MF3/ext_9_MF3_16.jpg,MF3
dataset/MF3/ext_6_MF3 Coryneum_3.jpg,MF3
dataset/MF3/ext_1_MF3_7.jpg,MF3
dataset/MF3/MF3_9.jpg,MF3
dataset/MF3/ext_1_MF3_10.jpg,MF3
dataset/MF3/ext_1_MF3_12.jpg,MF3
dataset/MF3/MF3 Coryneum_2.jpg,MF3
dataset/MF3/ext_1_MF3_5.jpg,MF3
dataset/MF3/ext_6_MF3 Coryneum_1.jpg,MF3
dataset/MF3/ext_9_MF3_14.jpg,MF3
dataset/MF3/ext_7_MF3_2.jpg,MF3
dataset/MF3/ext_4_MF3_17.jpg,MF3
dataset/MF3/ext_7_MF3_19.jpg,MF3
dataset/MF3/ext_9_MF3_9.jpg,MF3
dataset/MF3/ext_9_MF3_8.jpg,MF3
dataset/MF3/ext_7_MF3_18.jpg,MF3
dataset/MF3/ext_4_MF3_16.jpg,MF3
dataset/MF3/ext_7_MF3_3.jpg,MF3
dataset/MF3/ext_9_MF3_15.jpg,MF3
dataset/MF3/MF3 Coryneum_3.jpg,MF3
dataset/MF3/ext_1_MF3_4.jpg,MF3
dataset/MF3/ext_1_MF3_13.jpg,MF3
dataset/MF3/ext_1_MF3_17.jpg,MF3
dataset/MF3/ext_9_MF3_11.jpg,MF3
dataset/MF3/ext_2_MF3_19.jpg,MF3
dataset/MF3/ext_2_MF3_8.jpg,MF3
dataset/MF3/ext_7_MF3_7.jpg,MF3
dataset/MF3/ext_4_MF3_12.jpg,MF3
dataset/MF3/ext_5_MF3 Coryneum_1.jpg,MF3
dataset/MF3/ext_8_MF3 Coryneum_1.jpg,MF3
dataset/MF3/ext_4_MF3_13.jpg,MF3
dataset/MF3/ext_7_MF3_6.jpg,MF3
dataset/MF3/ext_2_MF3_9.jpg,MF3
dataset/MF3/ext_2_MF3_18.jpg,MF3
dataset/MF3/ext_9_MF3_10.jpg,MF3
dataset/MF3/ext_1_MF3_1.jpg,MF3
dataset/MF3/ext_1_MF3_16.jpg,MF3
dataset/MF3/ext_1_MF3_14.jpg,MF3
dataset/MF3/ext_1_MF3_3.jpg,MF3
dataset/MF3/ext_9_MF3_12.jpg,MF3
dataset/MF3/ext_7_MF3_4.jpg,MF3
dataset/MF3/ext_4_MF3_11.jpg,MF3
dataset/MF3/ext_8_MF3 Coryneum_3.jpg,MF3
dataset/MF3/ext_5_MF3 Coryneum_3.jpg,MF3
dataset/MF3/ext_5_MF3 Coryneum_2.jpg,MF3
dataset/MF3/ext_8_MF3 Coryneum_2.jpg,MF3
dataset/MF3/ext_4_MF3_10.jpg,MF3
dataset/MF3/ext_7_MF3_5.jpg,MF3
dataset/MF3/ext_9_MF3_13.jpg,MF3
dataset/MF3/ext_1_MF3_2.jpg,MF3
dataset/MF3/ext_1_MF3_15.jpg,MF3
dataset/MF3/ext_1_MF3_18.jpg,MF3
dataset/MF3/ext_4_MF3 Coryneum_1.jpg,MF3
dataset/MF3/MF3_1.jpg,MF3
dataset/MF3/ext_2_MF3_16.jpg,MF3
dataset/MF3/ext_9_MF3 Coryneum_1.jpg,MF3
dataset/MF3/ext_2_MF3_7.jpg,MF3
dataset/MF3/ext_7_MF3_8.jpg,MF3
dataset/MF3/ext_7_MF3_13.jpg,MF3
dataset/MF3/ext_9_MF3_3.jpg,MF3
dataset/MF3/ext_9_MF3_2.jpg,MF3
dataset/MF3/ext_7_MF3_12.jpg,MF3
dataset/MF3/ext_4_MF3_1.jpg,MF3
dataset/MF3/ext_7_MF3_9.jpg,MF3
dataset/MF3/ext_2_MF3_6.jpg,MF3
dataset/MF3/ext_2_MF3_17.jpg,MF3
dataset/MF3/ext_1_MF3_19.jpg,MF3
dataset/MF3/MF3_2.jpg,MF3
dataset/MF3/ext_4_MF3 Coryneum_2.jpg,MF3
dataset/MF3/ext_2_MF3_15.jpg,MF3
dataset/MF3/ext_2_MF3_4.jpg,MF3
dataset/MF3/ext_9_MF3 Coryneum_2.jpg,MF3
dataset/MF3/ext_7_MF3_10.jpg,MF3
dataset/MF3/ext_4_MF3_3.jpg,MF3
dataset/MF3/ext_9_MF3_1.jpg,MF3
dataset/MF3/ext_4_MF3_2.jpg,MF3
dataset/MF3/ext_7_MF3_11.jpg,MF3
dataset/MF3/ext_2_MF3_5.jpg,MF3
dataset/MF3/ext_9_MF3 Coryneum_3.jpg,MF3
dataset/MF3/ext_2_MF3_14.jpg,MF3
dataset/MF3/MF3_3.jpg,MF3
dataset/MF3/ext_4_MF3 Coryneum_3.jpg,MF3
dataset/MF3/ext_1_MF3_9.jpg,MF3
dataset/MF3/MF3_7.jpg,MF3
dataset/MF3/ext_2_MF3_1.jpg,MF3
dataset/MF3/ext_2_MF3_10.jpg,MF3
dataset/MF3/ext_9_MF3_18.jpg,MF3
dataset/MF3/ext_7_MF3 Coryneum_3.jpg,MF3
dataset/MF3/ext_7_MF3_15.jpg,MF3
dataset/MF3/ext_4_MF3_6.jpg,MF3
dataset/MF3/ext_9_MF3_5.jpg,MF3
dataset/MF3/ext_9_MF3_4.jpg,MF3
dataset/MF3/ext_4_MF3_7.jpg,MF3
dataset/MF3/ext_7_MF3_14.jpg,MF3
dataset/MF3/ext_7_MF3 Coryneum_2.jpg,MF3
dataset/MF3/ext_9_MF3_19.jpg,MF3
dataset/MF3/ext_2_MF3_11.jpg,MF3
dataset/MF3/MF3_6.jpg,MF3
dataset/MF3/ext_1_MF3_8.jpg,MF3
dataset/MF3/MF3_4.jpg,MF3
dataset/MF3/ext_2_MF3_2.jpg,MF3
dataset/MF3/ext_2_MF3_13.jpg,MF3
dataset/MF3/ext_4_MF3_18.jpg,MF3
dataset/MF3/ext_4_MF3_5.jpg,MF3
dataset/MF3/ext_7_MF3_16.jpg,MF3
dataset/MF3/ext_9_MF3_6.jpg,MF3
dataset/MF3/ext_9_MF3_7.jpg,MF3
dataset/MF3/ext_7_MF3_17.jpg,MF3
dataset/MF3/ext_4_MF3_4.jpg,MF3
dataset/MF3/ext_4_MF3_19.jpg,MF3
dataset/MF3/ext_7_MF3 Coryneum_1.jpg,MF3
dataset/MF3/ext_2_MF3_12.jpg,MF3
dataset/MF3/ext_2_MF3_3.jpg,MF3
dataset/MF3/MF3_5.jpg,MF3
dataset/MF3/ext_6_MF3_8.jpg,MF3
dataset/MF3/ext_5_MF3_12.jpg,MF3
dataset/MF3/ext_8_MF3_3.jpg,MF3
dataset/MF3/MF3_16.jpg,MF3
dataset/MF3/ext_0_MF3_17.jpg,MF3
dataset/MF3/ext_3_MF3_19.jpg,MF3
dataset/MF3/ext_8_MF3_11.jpg,MF3
dataset/MF3/ext_3_MF3_7.jpg,MF3
dataset/MF3/ext_8_MF3_10.jpg,MF3
dataset/MF3/ext_3_MF3_18.jpg,MF3
dataset/MF3/ext_3_MF3_6.jpg,MF3
dataset/MF3/ext_0_MF3_16.jpg,MF3
dataset/MF3/ext_8_MF3_2.jpg,MF3
dataset/MF3/MF3_17.jpg,MF3
dataset/MF3/ext_5_MF3_1.jpg,MF3
dataset/MF3/ext_1_MF3 Coryneum_1.jpg,MF3
dataset/MF3/ext_5_MF3_13.jpg,MF3
dataset/MF3/ext_6_MF3_9.jpg,MF3
dataset/MF3/ext_5_MF3_11.jpg,MF3
dataset/MF3/ext_1_MF3 Coryneum_3.jpg,MF3
dataset/MF3/ext_5_MF3_3.jpg,MF3
dataset/MF3/MF3_15.jpg,MF3
dataset/MF3/ext_0_MF3_14.jpg,MF3
dataset/MF3/ext_3_MF3_4.jpg,MF3
dataset/MF3/ext_8_MF3_12.jpg,MF3
dataset/MF3/ext_3_MF3_5.jpg,MF3
dataset/MF3/ext_8_MF3_13.jpg,MF3
dataset/MF3/ext_0_MF3_15.jpg,MF3
dataset/MF3/MF3_14.jpg,MF3
dataset/MF3/ext_8_MF3_1.jpg,MF3
dataset/MF3/ext_5_MF3_2.jpg,MF3
dataset/MF3/ext_1_MF3 Coryneum_2.jpg,MF3
dataset/MF3/ext_5_MF3_10.jpg,MF3
dataset/MF3/ext_5_MF3_14.jpg,MF3
dataset/MF3/ext_5_MF3_6.jpg,MF3
dataset/MF3/ext_8_MF3_5.jpg,MF3
dataset/MF3/MF3_10.jpg,MF3
dataset/MF3/ext_0_MF3_11.jpg,MF3
dataset/MF3/ext_2_MF3 Coryneum_2.jpg,MF3
dataset/MF3/ext_0_MF3_9.jpg,MF3
dataset/MF3/ext_8_MF3_17.jpg,MF3
dataset/MF3/ext_3_MF3_1.jpg,MF3
dataset/MF3/ext_8_MF3_16.jpg,MF3
dataset/MF3/ext_0_MF3_8.jpg,MF3
dataset/MF3/ext_2_MF3 Coryneum_3.jpg,MF3
dataset/MF3/ext_0_MF3_10.jpg,MF3
dataset/MF3/ext_8_MF3_4.jpg,MF3
dataset/MF3/MF3_11.jpg,MF3
dataset/MF3/ext_5_MF3_7.jpg,MF3
dataset/MF3/ext_5_MF3_15.jpg,MF3
dataset/MF3/ext_5_MF3_17.jpg,MF3
dataset/MF3/ext_5_MF3_5.jpg,MF3
dataset/MF3/ext_6_MF3_19.jpg,MF3
dataset/MF3/MF3_13.jpg,MF3
dataset/MF3/ext_8_MF3_6.jpg,MF3
dataset/MF3/ext_2_MF3 Coryneum_1.jpg,MF3
dataset/MF3/ext_0_MF3_12.jpg,MF3
dataset/MF3/ext_3_MF3_2.jpg,MF3
dataset/MF3/ext_8_MF3_14.jpg,MF3
dataset/MF3/ext_3_MF3_3.jpg,MF3
dataset/MF3/ext_8_MF3_15.jpg,MF3
dataset/MF3/ext_0_MF3_13.jpg,MF3
dataset/MF3/MF3_12.jpg,MF3
dataset/MF3/ext_8_MF3_7.jpg,MF3
dataset/MF3/ext_6_MF3_18.jpg,MF3
dataset/MF3/ext_5_MF3_4.jpg,MF3
dataset/MF3/ext_5_MF3_16.jpg,MF3
dataset/MF4/ext_9_MF4 SA SD chancre fusicocum_7.jpg,MF4
dataset/MF4/ext_13_MF4 SA SD chancre fusicocum_8.jpg,MF4
dataset/MF4/ext_2_MF4 SA SD chancre fusicocum_9.jpg,MF4
dataset/MF4/ext_18_MF4 SA SD chancre fusicocum_6.jpg,MF4
dataset/MF4/ext_4_MF4 SA SD chancre fusicocum_5.jpg,MF4
dataset/MF4/ext_21_MF4 SA SD chancre fusicocum_5.jpg,MF4
dataset/MF4/ext_6_MF4 SA SD chancre fusicocum_1.jpg,MF4
dataset/MF4/ext_15_MF4 SA SD chancre fusicocum_4.jpg,MF4
dataset/MF4/ext_15_MF4 SA SD chancre fusicocum_5.jpg,MF4
dataset/MF4/ext_21_MF4 SA SD chancre fusicocum_4.jpg,MF4
dataset/MF4/ext_17_MF4 SA SD chancre fusicocum_1.jpg,MF4
dataset/MF4/ext_4_MF4 SA SD chancre fusicocum_4.jpg,MF4
dataset/MF4/ext_18_MF4 SA SD chancre fusicocum_7.jpg,MF4
dataset/MF4/ext_2_MF4 SA SD chancre fusicocum_8.jpg,MF4
dataset/MF4/ext_13_MF4 SA SD chancre fusicocum_9.jpg,MF4
dataset/MF4/ext_0_MF4 SA SD chancre fusicocum_10.jpg,MF4
dataset/MF4/ext_9_MF4 SA SD chancre fusicocum_6.jpg,MF4
dataset/MF4/ext_9_MF4 SA SD chancre fusicocum_4.jpg,MF4
dataset/MF4/ext_15_MF4 SA SD chancre fusicocum_10.jpg,MF4
dataset/MF4/ext_18_MF4 SA SD chancre fusicocum_5.jpg,MF4
dataset/MF4/ext_4_MF4 SA SD chancre fusicocum_6.jpg,MF4
dataset/MF4/ext_17_MF4 SA SD chancre fusicocum_3.jpg,MF4
dataset/MF4/ext_21_MF4 SA SD chancre fusicocum_6.jpg,MF4
dataset/MF4/ext_6_MF4 SA SD chancre fusicocum_2.jpg,MF4
dataset/MF4/ext_15_MF4 SA SD chancre fusicocum_7.jpg,MF4
dataset/MF4/ext_15_MF4 SA SD chancre fusicocum_6.jpg,MF4
dataset/MF4/ext_6_MF4 SA SD chancre fusicocum_3.jpg,MF4
dataset/MF4/ext_21_MF4 SA SD chancre fusicocum_7.jpg,MF4
dataset/MF4/ext_17_MF4 SA SD chancre fusicocum_2.jpg,MF4
dataset/MF4/ext_4_MF4 SA SD chancre fusicocum_7.jpg,MF4
dataset/MF4/ext_18_MF4 SA SD chancre fusicocum_4.jpg,MF4
dataset/MF4/ext_9_MF4 SA SD chancre fusicocum_5.jpg,MF4
dataset/MF4/ext_9_MF4 SA SD chancre fusicocum_1.jpg,MF4
dataset/MF4/ext_4_MF4 SA SD chancre fusicocum_3.jpg,MF4
dataset/MF4/ext_21_MF4 SA SD chancre fusicocum_3.jpg,MF4
dataset/MF4/ext_17_MF4 SA SD chancre fusicocum_6.jpg,MF4
dataset/MF4/ext_6_MF4 SA SD chancre fusicocum_7.jpg,MF4
dataset/MF4/ext_15_MF4 SA SD chancre fusicocum_2.jpg,MF4
dataset/MF4/ext_15_MF4 SA SD chancre fusicocum_3.jpg,MF4
dataset/MF4/ext_18_MF4 SA SD chancre fusicocum_10.jpg,MF4
dataset/MF4/ext_6_MF4 SA SD chancre fusicocum_6.jpg,MF4
dataset/MF4/ext_17_MF4 SA SD chancre fusicocum_7.jpg,MF4
dataset/MF4/ext_21_MF4 SA SD chancre fusicocum_2.jpg,MF4
dataset/MF4/ext_4_MF4 SA SD chancre fusicocum_2.jpg,MF4
dataset/MF4/ext_13_MF4 SA SD chancre fusicocum_10.jpg,MF4
dataset/MF4/ext_18_MF4 SA SD chancre fusicocum_1.jpg,MF4
dataset/MF4/ext_0_MF4 SA SD chancre fusicocum_8.jpg,MF4
dataset/MF4/ext_9_MF4 SA SD chancre fusicocum_2.jpg,MF4
dataset/MF4/ext_18_MF4 SA SD chancre fusicocum_3.jpg,MF4
dataset/MF4/ext_6_MF4 SA SD chancre fusicocum_10.jpg,MF4
dataset/MF4/ext_11_MF4 SA SD chancre fusicocum_9.jpg,MF4
dataset/MF4/ext_17_MF4 SA SD chancre fusicocum_5.jpg,MF4
dataset/MF4/ext_6_MF4 SA SD chancre fusicocum_4.jpg,MF4
dataset/MF4/ext_15_MF4 SA SD chancre fusicocum_1.jpg,MF4
dataset/MF4/ext_6_MF4 SA SD chancre fusicocum_5.jpg,MF4
dataset/MF4/ext_17_MF4 SA SD chancre fusicocum_4.jpg,MF4
dataset/MF4/ext_21_MF4 SA SD chancre fusicocum_1.jpg,MF4
dataset/MF4/ext_4_MF4 SA SD chancre fusicocum_1.jpg,MF4
dataset/MF4/ext_11_MF4 SA SD chancre fusicocum_8.jpg,MF4
dataset/MF4/ext_18_MF4 SA SD chancre fusicocum_2.jpg,MF4
dataset/MF4/ext_9_MF4 SA SD chancre fusicocum_3.jpg,MF4
dataset/MF4/ext_0_MF4 SA SD chancre fusicocum_9.jpg,MF4
dataset/MF4/ext_7_MF4 SA SD chancre fusicocum_1.jpg,MF4
dataset/MF4/ext_14_MF4 SA SD chancre fusicocum_4.jpg,MF4
dataset/MF4/ext_22_MF4 SA SD chancre fusicocum_1.jpg,MF4
dataset/MF4/ext_5_MF4 SA SD chancre fusicocum_5.jpg,MF4
dataset/MF4/MF4 SA SD chancre fusicocum_7.jpg,MF4
dataset/MF4/ext_20_MF4 SA SD chancre fusicocum_5.jpg,MF4
dataset/MF4/ext_3_MF4 SA SD chancre fusicocum_9.jpg,MF4
dataset/MF4/ext_19_MF4 SA SD chancre fusicocum_6.jpg,MF4
dataset/MF4/ext_8_MF4 SA SD chancre fusicocum_7.jpg,MF4
dataset/MF4/ext_12_MF4 SA SD chancre fusicocum_8.jpg,MF4
dataset/MF4/ext_12_MF4 SA SD chancre fusicocum_9.jpg,MF4
dataset/MF4/ext_8_MF4 SA SD chancre fusicocum_6.jpg,MF4
dataset/MF4/ext_19_MF4 SA SD chancre fusicocum_7.jpg,MF4
dataset/MF4/ext_3_MF4 SA SD chancre fusicocum_8.jpg,MF4
dataset/MF4/ext_20_MF4 SA SD chancre fusicocum_4.jpg,MF4
dataset/MF4/ext_22_MF4 SA SD chancre fusicocum_10.jpg,MF4
dataset/MF4/ext_1_MF4 SA SD chancre fusicocum_10.jpg,MF4
dataset/MF4/ext_16_MF4 SA SD chancre fusicocum_1.jpg,MF4
dataset/MF4/MF4 SA SD chancre fusicocum_6.jpg,MF4
dataset/MF4/ext_5_MF4 SA SD chancre fusicocum_4.jpg,MF4
dataset/MF4/ext_14_MF4 SA SD chancre fusicocum_5.jpg,MF4
dataset/MF4/ext_7_MF4 SA SD chancre fusicocum_2.jpg,MF4
dataset/MF4/ext_14_MF4 SA SD chancre fusicocum_7.jpg,MF4
dataset/MF4/ext_22_MF4 SA SD chancre fusicocum_2.jpg,MF4
dataset/MF4/MF4 SA SD chancre fusicocum_4.jpg,MF4
dataset/MF4/ext_5_MF4 SA SD chancre fusicocum_6.jpg,MF4
dataset/MF4/ext_14_MF4 SA SD chancre fusicocum_10.jpg,MF4
dataset/MF4/ext_16_MF4 SA SD chancre fusicocum_3.jpg,MF4
dataset/MF4/ext_20_MF4 SA SD chancre fusicocum_6.jpg,MF4
dataset/MF4/ext_19_MF4 SA SD chancre fusicocum_5.jpg,MF4
dataset/MF4/ext_8_MF4 SA SD chancre fusicocum_4.jpg,MF4
dataset/MF4/ext_8_MF4 SA SD chancre fusicocum_5.jpg,MF4
dataset/MF4/ext_19_MF4 SA SD chancre fusicocum_4.jpg,MF4
dataset/MF4/ext_20_MF4 SA SD chancre fusicocum_7.jpg,MF4
dataset/MF4/ext_16_MF4 SA SD chancre fusicocum_2.jpg,MF4
dataset/MF4/ext_5_MF4 SA SD chancre fusicocum_7.jpg,MF4
dataset/MF4/MF4 SA SD chancre fusicocum_5.jpg,MF4
dataset/MF4/ext_22_MF4 SA SD chancre fusicocum_3.jpg,MF4
dataset/MF4/ext_14_MF4 SA SD chancre fusicocum_6.jpg,MF4
dataset/MF4/ext_7_MF4 SA SD chancre fusicocum_3.jpg,MF4
dataset/MF4/ext_7_MF4 SA SD chancre fusicocum_7.jpg,MF4
dataset/MF4/ext_22_MF4 SA SD chancre fusicocum_7.jpg,MF4
dataset/MF4/ext_14_MF4 SA SD chancre fusicocum_2.jpg,MF4
dataset/MF4/MF4 SA SD chancre fusicocum_1.jpg,MF4
dataset/MF4/ext_5_MF4 SA SD chancre fusicocum_3.jpg,MF4
dataset/MF4/ext_20_MF4 SA SD chancre fusicocum_3.jpg,MF4
dataset/MF4/ext_16_MF4 SA SD chancre fusicocum_6.jpg,MF4
dataset/MF4/ext_8_MF4 SA SD chancre fusicocum_1.jpg,MF4
dataset/MF4/ext_19_MF4 SA SD chancre fusicocum_1.jpg,MF4
dataset/MF4/ext_19_MF4 SA SD chancre fusicocum_10.jpg,MF4
dataset/MF4/ext_16_MF4 SA SD chancre fusicocum_7.jpg,MF4
dataset/MF4/ext_20_MF4 SA SD chancre fusicocum_2.jpg,MF4
dataset/MF4/ext_5_MF4 SA SD chancre fusicocum_2.jpg,MF4
dataset/MF4/ext_14_MF4 SA SD chancre fusicocum_3.jpg,MF4
dataset/MF4/ext_12_MF4 SA SD chancre fusicocum_10.jpg,MF4
dataset/MF4/ext_22_MF4 SA SD chancre fusicocum_6.jpg,MF4
dataset/MF4/ext_7_MF4 SA SD chancre fusicocum_6.jpg,MF4
dataset/MF4/ext_7_MF4 SA SD chancre fusicocum_4.jpg,MF4
dataset/MF4/ext_7_MF4 SA SD chancre fusicocum_10.jpg,MF4
dataset/MF4/ext_22_MF4 SA SD chancre fusicocum_4.jpg,MF4
dataset/MF4/ext_14_MF4 SA SD chancre fusicocum_1.jpg,MF4
dataset/MF4/MF4 SA SD chancre fusicocum_2.jpg,MF4
dataset/MF4/ext_16_MF4 SA SD chancre fusicocum_5.jpg,MF4
dataset/MF4/ext_19_MF4 SA SD chancre fusicocum_3.jpg,MF4
dataset/MF4/ext_10_MF4 SA SD chancre fusicocum_9.jpg,MF4
dataset/MF4/ext_1_MF4 SA SD chancre fusicocum_8.jpg,MF4
dataset/MF4/ext_8_MF4 SA SD chancre fusicocum_2.jpg,MF4
dataset/MF4/ext_8_MF4 SA SD chancre fusicocum_3.jpg,MF4
dataset/MF4/ext_1_MF4 SA SD chancre fusicocum_9.jpg,MF4
dataset/MF4/ext_10_MF4 SA SD chancre fusicocum_8.jpg,MF4
dataset/MF4/ext_19_MF4 SA SD chancre fusicocum_2.jpg,MF4
dataset/MF4/ext_16_MF4 SA SD chancre fusicocum_4.jpg,MF4
dataset/MF4/ext_20_MF4 SA SD chancre fusicocum_1.jpg,MF4
dataset/MF4/MF4 SA SD chancre fusicocum_3.jpg,MF4
dataset/MF4/ext_5_MF4 SA SD chancre fusicocum_1.jpg,MF4
dataset/MF4/ext_22_MF4 SA SD chancre fusicocum_5.jpg,MF4
dataset/MF4/ext_7_MF4 SA SD chancre fusicocum_5.jpg,MF4
dataset/MF4/ext_7_MF4 SA SD chancre fusicocum_8.jpg,MF4
dataset/MF4/ext_22_MF4 SA SD chancre fusicocum_8.jpg,MF4
dataset/MF4/ext_16_MF4 SA SD chancre fusicocum_9.jpg,MF4
dataset/MF4/ext_10_MF4 SA SD chancre fusicocum_5.jpg,MF4
dataset/MF4/ext_1_MF4 SA SD chancre fusicocum_4.jpg,MF4
dataset/MF4/ext_12_MF4 SA SD chancre fusicocum_1.jpg,MF4
dataset/MF4/ext_1_MF4 SA SD chancre fusicocum_5.jpg,MF4
dataset/MF4/ext_10_MF4 SA SD chancre fusicocum_4.jpg,MF4
dataset/MF4/ext_21_MF4 SA SD chancre fusicocum_10.jpg,MF4
dataset/MF4/ext_2_MF4 SA SD chancre fusicocum_10.jpg,MF4
dataset/MF4/ext_3_MF4 SA SD chancre fusicocum_1.jpg,MF4
dataset/MF4/ext_16_MF4 SA SD chancre fusicocum_8.jpg,MF4
dataset/MF4/ext_9_MF4 SA SD chancre fusicocum_10.jpg,MF4
dataset/MF4/ext_22_MF4 SA SD chancre fusicocum_9.jpg,MF4
dataset/MF4/ext_7_MF4 SA SD chancre fusicocum_9.jpg,MF4
dataset/MF4/ext_3_MF4 SA SD chancre fusicocum_3.jpg,MF4
dataset/MF4/ext_17_MF4 SA SD chancre fusicocum_10.jpg,MF4
dataset/MF4/ext_10_MF4 SA SD chancre fusicocum_6.jpg,MF4
dataset/MF4/ext_1_MF4 SA SD chancre fusicocum_7.jpg,MF4
dataset/MF4/ext_12_MF4 SA SD chancre fusicocum_2.jpg,MF4
dataset/MF4/ext_12_MF4 SA SD chancre fusicocum_3.jpg,MF4
dataset/MF4/ext_1_MF4 SA SD chancre fusicocum_6.jpg,MF4
dataset/MF4/ext_10_MF4 SA SD chancre fusicocum_7.jpg,MF4
dataset/MF4/ext_3_MF4 SA SD chancre fusicocum_2.jpg,MF4
dataset/MF4/MF4 SA SD chancre fusicocum_8.jpg,MF4
dataset/MF4/ext_3_MF4 SA SD chancre fusicocum_6.jpg,MF4
dataset/MF4/ext_10_MF4 SA SD chancre fusicocum_3.jpg,MF4
dataset/MF4/ext_19_MF4 SA SD chancre fusicocum_9.jpg,MF4
dataset/MF4/ext_8_MF4 SA SD chancre fusicocum_8.jpg,MF4
dataset/MF4/ext_1_MF4 SA SD chancre fusicocum_2.jpg,MF4
dataset/MF4/ext_12_MF4 SA SD chancre fusicocum_7.jpg,MF4
dataset/MF4/ext_11_MF4 SA SD chancre fusicocum_10.jpg,MF4
dataset/MF4/ext_12_MF4 SA SD chancre fusicocum_6.jpg,MF4
dataset/MF4/ext_1_MF4 SA SD chancre fusicocum_3.jpg,MF4
dataset/MF4/ext_8_MF4 SA SD chancre fusicocum_9.jpg,MF4
dataset/MF4/ext_19_MF4 SA SD chancre fusicocum_8.jpg,MF4
dataset/MF4/ext_10_MF4 SA SD chancre fusicocum_2.jpg,MF4
dataset/MF4/ext_3_MF4 SA SD chancre fusicocum_7.jpg,MF4
dataset/MF4/MF4 SA SD chancre fusicocum_9.jpg,MF4
dataset/MF4/ext_14_MF4 SA SD chancre fusicocum_8.jpg,MF4
dataset/MF4/ext_5_MF4 SA SD chancre fusicocum_9.jpg,MF4
dataset/MF4/ext_20_MF4 SA SD chancre fusicocum_9.jpg,MF4
dataset/MF4/ext_3_MF4 SA SD chancre fusicocum_5.jpg,MF4
dataset/MF4/ext_1_MF4 SA SD chancre fusicocum_1.jpg,MF4
dataset/MF4/ext_4_MF4 SA SD chancre fusicocum_10.jpg,MF4
dataset/MF4/ext_12_MF4 SA SD chancre fusicocum_4.jpg,MF4
dataset/MF4/ext_12_MF4 SA SD chancre fusicocum_5.jpg,MF4
dataset/MF4/ext_10_MF4 SA SD chancre fusicocum_1.jpg,MF4
dataset/MF4/ext_3_MF4 SA SD chancre fusicocum_4.jpg,MF4
dataset/MF4/ext_20_MF4 SA SD chancre fusicocum_8.jpg,MF4
dataset/MF4/ext_5_MF4 SA SD chancre fusicocum_8.jpg,MF4
dataset/MF4/ext_14_MF4 SA SD chancre fusicocum_9.jpg,MF4
dataset/MF4/ext_0_MF4 SA SD chancre fusicocum_4.jpg,MF4
dataset/MF4/ext_13_MF4 SA SD chancre fusicocum_1.jpg,MF4
dataset/MF4/ext_11_MF4 SA SD chancre fusicocum_5.jpg,MF4
dataset/MF4/ext_17_MF4 SA SD chancre fusicocum_9.jpg,MF4
dataset/MF4/ext_6_MF4 SA SD chancre fusicocum_8.jpg,MF4
dataset/MF4/ext_20_MF4 SA SD chancre fusicocum_10.jpg,MF4
dataset/MF4/ext_3_MF4 SA SD chancre fusicocum_10.jpg,MF4
dataset/MF4/ext_6_MF4 SA SD chancre fusicocum_9.jpg,MF4
dataset/MF4/ext_17_MF4 SA SD chancre fusicocum_8.jpg,MF4
dataset/MF4/ext_11_MF4 SA SD chancre fusicocum_4.jpg,MF4
dataset/MF4/ext_8_MF4 SA SD chancre fusicocum_10.jpg,MF4
dataset/MF4/ext_2_MF4 SA SD chancre fusicocum_1.jpg,MF4
dataset/MF4/ext_0_MF4 SA SD chancre fusicocum_5.jpg,MF4
dataset/MF4/ext_0_MF4 SA SD chancre fusicocum_7.jpg,MF4
dataset/MF4/ext_13_MF4 SA SD chancre fusicocum_2.jpg,MF4
dataset/MF4/ext_2_MF4 SA SD chancre fusicocum_3.jpg,MF4
dataset/MF4/ext_11_MF4 SA SD chancre fusicocum_6.jpg,MF4
dataset/MF4/ext_16_MF4 SA SD chancre fusicocum_10.jpg,MF4
dataset/MF4/ext_11_MF4 SA SD chancre fusicocum_7.jpg,MF4
dataset/MF4/ext_2_MF4 SA SD chancre fusicocum_2.jpg,MF4
dataset/MF4/ext_13_MF4 SA SD chancre fusicocum_3.jpg,MF4
dataset/MF4/ext_0_MF4 SA SD chancre fusicocum_6.jpg,MF4
dataset/MF4/ext_9_MF4 SA SD chancre fusicocum_8.jpg,MF4
dataset/MF4/ext_0_MF4 SA SD chancre fusicocum_2.jpg,MF4
dataset/MF4/MF4 SA SD chancre fusicocum_10.jpg,MF4
dataset/MF4/ext_13_MF4 SA SD chancre fusicocum_7.jpg,MF4
dataset/MF4/ext_2_MF4 SA SD chancre fusicocum_6.jpg,MF4
dataset/MF4/ext_11_MF4 SA SD chancre fusicocum_3.jpg,MF4
dataset/MF4/ext_18_MF4 SA SD chancre fusicocum_9.jpg,MF4
dataset/MF4/ext_10_MF4 SA SD chancre fusicocum_10.jpg,MF4
dataset/MF4/ext_18_MF4 SA SD chancre fusicocum_8.jpg,MF4
dataset/MF4/ext_11_MF4 SA SD chancre fusicocum_2.jpg,MF4
dataset/MF4/ext_2_MF4 SA SD chancre fusicocum_7.jpg,MF4
dataset/MF4/ext_13_MF4 SA SD chancre fusicocum_6.jpg,MF4
dataset/MF4/ext_0_MF4 SA SD chancre fusicocum_3.jpg,MF4
dataset/MF4/ext_9_MF4 SA SD chancre fusicocum_9.jpg,MF4
dataset/MF4/ext_0_MF4 SA SD chancre fusicocum_1.jpg,MF4
dataset/MF4/ext_13_MF4 SA SD chancre fusicocum_4.jpg,MF4
dataset/MF4/ext_2_MF4 SA SD chancre fusicocum_5.jpg,MF4
dataset/MF4/ext_4_MF4 SA SD chancre fusicocum_9.jpg,MF4
dataset/MF4/ext_5_MF4 SA SD chancre fusicocum_10.jpg,MF4
dataset/MF4/ext_21_MF4 SA SD chancre fusicocum_9.jpg,MF4
dataset/MF4/ext_15_MF4 SA SD chancre fusicocum_8.jpg,MF4
dataset/MF4/ext_15_MF4 SA SD chancre fusicocum_9.jpg,MF4
dataset/MF4/ext_21_MF4 SA SD chancre fusicocum_8.jpg,MF4
dataset/MF4/ext_4_MF4 SA SD chancre fusicocum_8.jpg,MF4
dataset/MF4/ext_11_MF4 SA SD chancre fusicocum_1.jpg,MF4
dataset/MF4/ext_2_MF4 SA SD chancre fusicocum_4.jpg,MF4
dataset/MF4/ext_13_MF4 SA SD chancre fusicocum_5.jpg,MF4
dataset/R3/R3 SL SO SA acariens_9.jpg,R3
dataset/R3/ext_2_R3 SL SO SA acariens_8.jpg,R3
dataset/R3/ext_1_R3 SL SO SA acariens_24.jpg,R3
dataset/R3/ext_1_R3 SL SO SA acariens_30.jpg,R3
dataset/R3/ext_1_R3 SL SO SA acariens_18.jpg,R3
dataset/R3/ext_1_R3 SA SO SL Les acariens_3.jpg,R3
dataset/R3/ext_2_R3 SL SO SA acariens_28.jpg,R3
dataset/R3/ext_2_R3 SL SO SA acariens_14.jpg,R3
dataset/R3/ext_2_R3 SL SO SA acariens_15.jpg,R3
dataset/R3/ext_1_R3 SA SO SL Les acariens_2.jpg,R3
dataset/R3/ext_2_R3 SL SO SA acariens_29.jpg,R3
dataset/R3/ext_1_R3 SL SO SA acariens_19.jpg,R3
dataset/R3/ext_1_R3 SL SO SA acariens_31.jpg,R3
dataset/R3/ext_1_R3 SL SO SA acariens_25.jpg,R3
dataset/R3/ext_2_R3 SL SO SA acariens_9.jpg,R3
dataset/R3/R3 SL SO SA acariens_8.jpg,R3
dataset/R3/ext_0_R3 SL SO SA acariens_1.jpg,R3
dataset/R3/ext_0_R3 SL SO SA acariens_3.jpg,R3
dataset/R3/ext_1_R3 SL SO SA acariens_33.jpg,R3
dataset/R3/ext_1_R3 SL SO SA acariens_27.jpg,R3
dataset/R3/R3 SA SO SL Les acariens_4.jpg,R3
dataset/R3/ext_2_R3 SL SO SA acariens_17.jpg,R3
dataset/R3/ext_2_R3 SL SO SA acariens_16.jpg,R3
dataset/R3/ext_1_R3 SA SO SL Les acariens_1.jpg,R3
dataset/R3/ext_1_R3 SL SO SA acariens_26.jpg,R3
dataset/R3/ext_1_R3 SL SO SA acariens_32.jpg,R3
dataset/R3/ext_0_R3 SL SO SA acariens_2.jpg,R3
dataset/R3/ext_0_R3 SL SO SA acariens_6.jpg,R3
dataset/R3/ext_0_R3 SL SO SA acariens_42.jpg,R3
dataset/R3/ext_1_R3 SL SO SA acariens_36.jpg,R3
dataset/R3/ext_1_R3 SL SO SA acariens_22.jpg,R3
dataset/R3/R3 SA SO SL Les acariens_1.jpg,R3
dataset/R3/ext_2_R3 SL SO SA acariens_12.jpg,R3
dataset/R3/ext_1_R3 SA SO SL Les acariens_4.jpg,R3
dataset/R3/ext_2_R3 SL SO SA acariens_13.jpg,R3
dataset/R3/ext_1_R3 SL SO SA acariens_23.jpg,R3
dataset/R3/ext_1_R3 SL SO SA acariens_37.jpg,R3
dataset/R3/ext_0_R3 SL SO SA acariens_43.jpg,R3
dataset/R3/ext_0_R3 SL SO SA acariens_7.jpg,R3
dataset/R3/ext_0_R3 SL SO SA acariens_5.jpg,R3
dataset/R3/ext_0_R3 SL SO SA acariens_41.jpg,R3
dataset/R3/ext_1_R3 SL SO SA acariens_21.jpg,R3
dataset/R3/ext_1_R3 SL SO SA acariens_35.jpg,R3
dataset/R3/ext_2_R3 SL SO SA acariens_11.jpg,R3
dataset/R3/R3 SA SO SL Les acariens_2.jpg,R3
dataset/R3/ext_2_R3 SL SO SA acariens_39.jpg,R3
dataset/R3/ext_2_R3 SL SO SA acariens_38.jpg,R3
dataset/R3/R3 SA SO SL Les acariens_3.jpg,R3
dataset/R3/ext_2_R3 SL SO SA acariens_10.jpg,R3
dataset/R3/ext_1_R3 SL SO SA acariens_34.jpg,R3
dataset/R3/ext_1_R3 SL SO SA acariens_20.jpg,R3
dataset/R3/ext_0_R3 SL SO SA acariens_40.jpg,R3
dataset/R3/ext_0_R3 SL SO SA acariens_4.jpg,R3
dataset/R3/ext_0_R3 SA SO SL Les acariens_2.jpg,R3
dataset/R3/ext_0_R3 SL SO SA acariens_27.jpg,R3
dataset/R3/ext_0_R3 SL SO SA acariens_33.jpg,R3
dataset/R3/ext_3_R3 SL SO SA acariens_17.jpg,R3
dataset/R3/R3 SL SO SA acariens_17.jpg,R3
dataset/R3/ext_1_R3 SL SO SA acariens_6.jpg,R3
dataset/R3/ext_1_R3 SL SO SA acariens_7.jpg,R3
dataset/R3/R3 SL SO SA acariens_16.jpg,R3
dataset/R3/ext_3_R3 SL SO SA acariens_16.jpg,R3
dataset/R3/ext_0_R3 SL SO SA acariens_32.jpg,R3
dataset/R3/ext_0_R3 SL SO SA acariens_26.jpg,R3
dataset/R3/ext_0_R3 SA SO SL Les acariens_3.jpg,R3
dataset/R3/ext_0_R3 SA SO SL Les acariens_1.jpg,R3
dataset/R3/ext_0_R3 SL SO SA acariens_18.jpg,R3
dataset/R3/ext_0_R3 SL SO SA acariens_30.jpg,R3
dataset/R3/ext_0_R3 SL SO SA acariens_24.jpg,R3
dataset/R3/ext_3_R3 SL SO SA acariens_14.jpg,R3
dataset/R3/ext_3_R3 SL SO SA acariens_28.jpg,R3
dataset/R3/R3 SL SO SA acariens_14.jpg,R3
dataset/R3/R3 SL SO SA acariens_28.jpg,R3
dataset/R3/ext_1_R3 SL SO SA acariens_5.jpg,R3
dataset/R3/ext_1_R3 SL SO SA acariens_4.jpg,R3
dataset/R3/R3 SL SO SA acariens_29.jpg,R3
dataset/R3/R3 SL SO SA acariens_15.jpg,R3
dataset/R3/ext_3_R3 SL SO SA acariens_29.jpg,R3
dataset/R3/ext_3_R3 SL SO SA acariens_15.jpg,R3
dataset/R3/ext_0_R3 SL SO SA acariens_25.jpg,R3
dataset/R3/ext_0_R3 SL SO SA acariens_31.jpg,R3
dataset/R3/ext_0_R3 SL SO SA acariens_19.jpg,R3
dataset/R3/ext_3_R3 SL SO SA acariens_8.jpg,R3
dataset/R3/ext_0_R3 SA SO SL Les acariens_4.jpg,R3
dataset/R3/ext_0_R3 SL SO SA acariens_35.jpg,R3
dataset/R3/ext_0_R3 SL SO SA acariens_21.jpg,R3
dataset/R3/ext_1_R3 SL SO SA acariens_41.jpg,R3
dataset/R3/ext_3_R3 SL SO SA acariens_39.jpg,R3
dataset/R3/ext_3_R3 SL SO SA acariens_11.jpg,R3
dataset/R3/R3 SL SO SA acariens_39.jpg,R3
dataset/R3/R3 SL SO SA acariens_11.jpg,R3
dataset/R3/R3 SL SO SA acariens_10.jpg,R3
dataset/R3/R3 SL SO SA acariens_38.jpg,R3
dataset/R3/ext_1_R3 SL SO SA acariens_1.jpg,R3
dataset/R3/ext_3_R3 SL SO SA acariens_10.jpg,R3
dataset/R3/ext_3_R3 SL SO SA acariens_38.jpg,R3
dataset/R3/ext_1_R3 SL SO SA acariens_40.jpg,R3
dataset/R3/ext_0_R3 SL SO SA acariens_20.jpg,R3
dataset/R3/ext_0_R3 SL SO SA acariens_34.jpg,R3
dataset/R3/ext_3_R3 SL SO SA acariens_9.jpg,R3
dataset/R3/ext_0_R3 SL SO SA acariens_22.jpg,R3
dataset/R3/ext_0_R3 SL SO SA acariens_36.jpg,R3
dataset/R3/ext_1_R3 SL SO SA acariens_42.jpg,R3
dataset/R3/ext_3_R3 SL SO SA acariens_12.jpg,R3
dataset/R3/ext_1_R3 SL SO SA acariens_3.jpg,R3
dataset/R3/R3 SL SO SA acariens_12.jpg,R3
dataset/R3/R3 SL SO SA acariens_13.jpg,R3
dataset/R3/ext_1_R3 SL SO SA acariens_2.jpg,R3
dataset/R3/ext_3_R3 SL SO SA acariens_13.jpg,R3
dataset/R3/ext_1_R3 SL SO SA acariens_43.jpg,R3
dataset/R3/ext_0_R3 SL SO SA acariens_37.jpg,R3
dataset/R3/ext_0_R3 SL SO SA acariens_23.jpg,R3
dataset/R3/ext_3_R3 SL SO SA acariens_7.jpg,R3
dataset/R3/ext_0_R3 SL SO SA acariens_12.jpg,R3
dataset/R3/ext_3_R3 SL SO SA acariens_36.jpg,R3
dataset/R3/ext_3_R3 SL SO SA acariens_22.jpg,R3
dataset/R3/R3 SL SO SA acariens_22.jpg,R3
dataset/R3/R3 SL SO SA acariens_36.jpg,R3
dataset/R3/ext_2_R3 SL SO SA acariens_42.jpg,R3
dataset/R3/ext_2_R3 SL SO SA acariens_43.jpg,R3
dataset/R3/R3 SL SO SA acariens_37.jpg,R3
dataset/R3/R3 SL SO SA acariens_23.jpg,R3
dataset/R3/ext_3_R3 SL SO SA acariens_23.jpg,R3
dataset/R3/ext_3_R3 SL SO SA acariens_37.jpg,R3
dataset/R3/ext_0_R3 SL SO SA acariens_13.jpg,R3
dataset/R3/ext_3_R3 SA SO SL Les acariens_1.jpg,R3
dataset/R3/ext_3_R3 SL SO SA acariens_6.jpg,R3
dataset/R3/ext_3_R3 SL SO SA acariens_4.jpg,R3
dataset/R3/ext_3_R3 SA SO SL Les acariens_3.jpg,R3
dataset/R3/ext_0_R3 SL SO SA acariens_39.jpg,R3
dataset/R3/ext_0_R3 SL SO SA acariens_11.jpg,R3
dataset/R3/ext_3_R3 SL SO SA acariens_21.jpg,R3
dataset/R3/ext_3_R3 SL SO SA acariens_35.jpg,R3
dataset/R3/R3 SL SO SA acariens_35.jpg,R3
dataset/R3/R3 SL SO SA acariens_21.jpg,R3
dataset/R3/ext_2_R3 SL SO SA acariens_41.jpg,R3
dataset/R3/ext_2_R3 SL SO SA acariens_40.jpg,R3
dataset/R3/R3 SL SO SA acariens_20.jpg,R3
dataset/R3/R3 SL SO SA acariens_34.jpg,R3
dataset/R3/ext_3_R3 SL SO SA acariens_34.jpg,R3
dataset/R3/ext_3_R3 SL SO SA acariens_20.jpg,R3
dataset/R3/ext_0_R3 SL SO SA acariens_10.jpg,R3
dataset/R3/ext_0_R3 SL SO SA acariens_38.jpg,R3
dataset/R3/ext_3_R3 SA SO SL Les acariens_2.jpg,R3
dataset/R3/ext_3_R3 SL SO SA acariens_5.jpg,R3
dataset/R3/ext_3_R3 SL SO SA acariens_1.jpg,R3
dataset/R3/ext_0_R3 SL SO SA acariens_14.jpg,R3
dataset/R3/ext_0_R3 SL SO SA acariens_28.jpg,R3
dataset/R3/ext_3_R3 SL SO SA acariens_18.jpg,R3
dataset/R3/ext_3_R3 SL SO SA acariens_24.jpg,R3
dataset/R3/ext_3_R3 SL SO SA acariens_30.jpg,R3
dataset/R3/R3 SL SO SA acariens_18.jpg,R3
dataset/R3/ext_1_R3 SL SO SA acariens_9.jpg,R3
dataset/R3/R3 SL SO SA acariens_30.jpg,R3
dataset/R3/R3 SL SO SA acariens_24.jpg,R3
dataset/R3/R3 SL SO SA acariens_25.jpg,R3
dataset/R3/ext_1_R3 SL SO SA acariens_8.jpg,R3
dataset/R3/R3 SL SO SA acariens_31.jpg,R3
dataset/R3/R3 SL SO SA acariens_19.jpg,R3
dataset/R3/ext_3_R3 SL SO SA acariens_31.jpg,R3
dataset/R3/ext_3_R3 SL SO SA acariens_25.jpg,R3
dataset/R3/ext_3_R3 SL SO SA acariens_19.jpg,R3
dataset/R3/ext_0_R3 SL SO SA acariens_29.jpg,R3
dataset/R3/ext_0_R3 SL SO SA acariens_15.jpg,R3
dataset/R3/ext_3_R3 SL SO SA acariens_2.jpg,R3
dataset/R3/ext_0_R3 SL SO SA acariens_17.jpg,R3
dataset/R3/ext_3_R3 SL SO SA acariens_33.jpg,R3
dataset/R3/ext_3_R3 SL SO SA acariens_27.jpg,R3
dataset/R3/R3 SL SO SA acariens_27.jpg,R3
dataset/R3/R3 SL SO SA acariens_33.jpg,R3
dataset/R3/R3 SL SO SA acariens_32.jpg,R3
dataset/R3/R3 SL SO SA acariens_26.jpg,R3
dataset/R3/ext_3_R3 SL SO SA acariens_26.jpg,R3
dataset/R3/ext_3_R3 SL SO SA acariens_32.jpg,R3
dataset/R3/ext_0_R3 SL SO SA acariens_16.jpg,R3
dataset/R3/ext_3_R3 SA SO SL Les acariens_4.jpg,R3
dataset/R3/ext_3_R3 SL SO SA acariens_3.jpg,R3
dataset/R3/ext_0_R3 SL SO SA acariens_9.jpg,R3
dataset/R3/ext_2_R3 SL SO SA acariens_1.jpg,R3
dataset/R3/ext_1_R3 SL SO SA acariens_11.jpg,R3
dataset/R3/ext_1_R3 SL SO SA acariens_39.jpg,R3
dataset/R3/ext_2_R3 SA SO SL Les acariens_1.jpg,R3
dataset/R3/ext_3_R3 SL SO SA acariens_41.jpg,R3
dataset/R3/R3 SL SO SA acariens_41.jpg,R3
dataset/R3/ext_2_R3 SL SO SA acariens_35.jpg,R3
dataset/R3/ext_2_R3 SL SO SA acariens_21.jpg,R3
dataset/R3/ext_2_R3 SL SO SA acariens_20.jpg,R3
dataset/R3/ext_2_R3 SL SO SA acariens_34.jpg,R3
dataset/R3/R3 SL SO SA acariens_40.jpg,R3
dataset/R3/ext_3_R3 SL SO SA acariens_40.jpg,R3
dataset/R3/ext_1_R3 SL SO SA acariens_38.jpg,R3
dataset/R3/ext_1_R3 SL SO SA acariens_10.jpg,R3
dataset/R3/R3 SL SO SA acariens_1.jpg,R3
dataset/R3/ext_0_R3 SL SO SA acariens_8.jpg,R3
dataset/R3/ext_2_R3 SL SO SA acariens_2.jpg,R3
dataset/R3/R3 SL SO SA acariens_3.jpg,R3
dataset/R3/ext_1_R3 SL SO SA acariens_12.jpg,R3
dataset/R3/ext_2_R3 SA SO SL Les acariens_2.jpg,R3
dataset/R3/ext_3_R3 SL SO SA acariens_42.jpg,R3
dataset/R3/R3 SL SO SA acariens_42.jpg,R3
dataset/R3/ext_2_R3 SL SO SA acariens_22.jpg,R3
dataset/R3/ext_2_R3 SL SO SA acariens_36.jpg,R3
dataset/R3/ext_2_R3 SL SO SA acariens_37.jpg,R3
dataset/R3/ext_2_R3 SL SO SA acariens_23.jpg,R3
dataset/R3/R3 SL SO SA acariens_43.jpg,R3
dataset/R3/ext_3_R3 SL SO SA acariens_43.jpg,R3
dataset/R3/ext_2_R3 SA SO SL Les acariens_3.jpg,R3
dataset/R3/ext_1_R3 SL SO SA acariens_13.jpg,R3
dataset/R3/R3 SL SO SA acariens_2.jpg,R3
dataset/R3/ext_2_R3 SL SO SA acariens_3.jpg,R3
dataset/R3/R3 SL SO SA acariens_6.jpg,R3
dataset/R3/ext_2_R3 SL SO SA acariens_7.jpg,R3
dataset/R3/ext_1_R3 SL SO SA acariens_17.jpg,R3
dataset/R3/ext_2_R3 SL SO SA acariens_27.jpg,R3
dataset/R3/ext_2_R3 SL SO SA acariens_33.jpg,R3
dataset/R3/ext_2_R3 SL SO SA acariens_32.jpg,R3
dataset/R3/ext_2_R3 SL SO SA acariens_26.jpg,R3
dataset/R3/ext_1_R3 SL SO SA acariens_16.jpg,R3
dataset/R3/ext_2_R3 SL SO SA acariens_6.jpg,R3
dataset/R3/R3 SL SO SA acariens_7.jpg,R3
dataset/R3/R3 SL SO SA acariens_5.jpg,R3
dataset/R3/ext_2_R3 SL SO SA acariens_4.jpg,R3
dataset/R3/ext_2_R3 SA SO SL Les acariens_4.jpg,R3
dataset/R3/ext_1_R3 SL SO SA acariens_28.jpg,R3
dataset/R3/ext_1_R3 SL SO SA acariens_14.jpg,R3
dataset/R3/ext_2_R3 SL SO SA acariens_30.jpg,R3
dataset/R3/ext_2_R3 SL SO SA acariens_24.jpg,R3
dataset/R3/ext_2_R3 SL SO SA acariens_18.jpg,R3
dataset/R3/ext_2_R3 SL SO SA acariens_19.jpg,R3
dataset/R3/ext_2_R3 SL SO SA acariens_25.jpg,R3
dataset/R3/ext_2_R3 SL SO SA acariens_31.jpg,R3
dataset/R3/ext_1_R3 SL SO SA acariens_15.jpg,R3
dataset/R3/ext_1_R3 SL SO SA acariens_29.jpg,R3
dataset/R3/ext_2_R3 SL SO SA acariens_5.jpg,R3
dataset/R3/R3 SL SO SA acariens_4.jpg,R3
dataset/R4/ext_1_R4 SD scolytes_39.jpg,R4
dataset/R4/ext_1_R4 SD scolytes_11.jpg,R4
dataset/R4/R4 SD scolytes_6.jpg,R4
dataset/R4/ext_3_R4 SD scolytes_1.jpg,R4
dataset/R4/ext_2_R4 SD scolytes_43.jpg,R4
dataset/R4/ext_0_R4 SD scolytes_44.jpg,R4
dataset/R4/R4 SD scolytes_47.jpg,R4
dataset/R4/ext_3_R4 SD scolytes_16.jpg,R4
dataset/R4/ext_3_R4 SD scolytes_17.jpg,R4
dataset/R4/R4 SD scolytes_46.jpg,R4
dataset/R4/ext_0_R4 SD scolytes_45.jpg,R4
dataset/R4/ext_2_R4 SD scolytes_42.jpg,R4
dataset/R4/R4 SD scolytes_7.jpg,R4
dataset/R4/ext_1_R4 SD scolytes_10.jpg,R4
dataset/R4/ext_1_R4 SD scolytes_38.jpg,R4
dataset/R4/ext_1_R4 SD scolytes_12.jpg,R4
dataset/R4/R4 SD scolytes_5.jpg,R4
dataset/R4/ext_3_R4 SD scolytes_2.jpg,R4
dataset/R4/ext_2_R4 SD scolytes_40.jpg,R4
dataset/R4/ext_0_R4 SD scolytes_47.jpg,R4
dataset/R4/R4 SD scolytes_44.jpg,R4
dataset/R4/ext_3_R4 SD scolytes_15.jpg,R4
dataset/R4/ext_3_R4 SD scolytes_29.jpg,R4
dataset/R4/ext_3_R4 SD scolytes_28.jpg,R4
dataset/R4/ext_3_R4 SD scolytes_14.jpg,R4
dataset/R4/R4 SD scolytes_45.jpg,R4
dataset/R4/ext_0_R4 SD scolytes_46.jpg,R4
dataset/R4/ext_2_R4 SD scolytes_41.jpg,R4
dataset/R4/ext_3_R4 SD scolytes_3.jpg,R4
dataset/R4/R4 SD scolytes_4.jpg,R4
dataset/R4/ext_1_R4 SD scolytes_13.jpg,R4
dataset/R4/ext_1_R4 SD scolytes_17.jpg,R4
dataset/R4/ext_3_R4 SD scolytes_7.jpg,R4
dataset/R4/ext_2_R4 SD scolytes_45.jpg,R4
dataset/R4/ext_0_R4 SD scolytes_42.jpg,R4
dataset/R4/R4 SD scolytes_41.jpg,R4
dataset/R4/ext_3_R4 SD scolytes_38.jpg,R4
dataset/R4/ext_3_R4 SD scolytes_10.jpg,R4
dataset/R4/ext_3_R4 SD scolytes_11.jpg,R4
dataset/R4/ext_3_R4 SD scolytes_39.jpg,R4
dataset/R4/R4 SD scolytes_40.jpg,R4
dataset/R4/ext_0_R4 SD scolytes_43.jpg,R4
dataset/R4/ext_2_R4 SD scolytes_44.jpg,R4
dataset/R4/R4 SD scolytes_1.jpg,R4
dataset/R4/ext_3_R4 SD scolytes_6.jpg,R4
dataset/R4/ext_1_R4 SD scolytes_16.jpg,R4
dataset/R4/ext_1_R4 SD scolytes_14.jpg,R4
dataset/R4/ext_1_R4 SD scolytes_28.jpg,R4
dataset/R4/ext_3_R4 SD scolytes_4.jpg,R4
dataset/R4/R4 SD scolytes_3.jpg,R4
dataset/R4/ext_2_R4 SD scolytes_46.jpg,R4
dataset/R4/ext_0_R4 SD scolytes_41.jpg,R4
dataset/R4/R4 SD scolytes_42.jpg,R4
dataset/R4/ext_3_R4 SD scolytes_13.jpg,R4
dataset/R4/ext_0_R4 SD scolytes_9.jpg,R4
dataset/R4/ext_0_R4 SD scolytes_8.jpg,R4
dataset/R4/ext_3_R4 SD scolytes_12.jpg,R4
dataset/R4/R4 SD scolytes_43.jpg,R4
dataset/R4/ext_0_R4 SD scolytes_40.jpg,R4
dataset/R4/ext_2_R4 SD scolytes_47.jpg,R4
dataset/R4/R4 SD scolytes_2.jpg,R4
dataset/R4/ext_3_R4 SD scolytes_5.jpg,R4
dataset/R4/ext_1_R4 SD scolytes_29.jpg,R4
dataset/R4/ext_1_R4 SD scolytes_15.jpg,R4
dataset/R4/ext_2_R4 SD scolytes_20.jpg,R4
dataset/R4/ext_2_R4 SD scolytes_34.jpg,R4
dataset/R4/ext_0_R4 SD scolytes_27.jpg,R4
dataset/R4/ext_0_R4 SD scolytes_33.jpg,R4
dataset/R4/R4 SD scolytes_24.jpg,R4
dataset/R4/R4 SD scolytes_30.jpg,R4
dataset/R4/R4 SD scolytes_18.jpg,R4
dataset/R4/ext_2_R4 SD scolytes_2.jpg,R4
dataset/R4/ext_3_R4 SD scolytes_49.jpg,R4
dataset/R4/ext_3_R4 SD scolytes_48.jpg,R4
dataset/R4/ext_2_R4 SD scolytes_3.jpg,R4
dataset/R4/R4 SD scolytes_19.jpg,R4
dataset/R4/R4 SD scolytes_31.jpg,R4
dataset/R4/R4 SD scolytes_25.jpg,R4
dataset/R4/ext_0_R4 SD scolytes_32.jpg,R4
dataset/R4/ext_0_R4 SD scolytes_26.jpg,R4
dataset/R4/ext_2_R4 SD scolytes_35.jpg,R4
dataset/R4/ext_2_R4 SD scolytes_21.jpg,R4
dataset/R4/ext_2_R4 SD scolytes_37.jpg,R4
dataset/R4/ext_2_R4 SD scolytes_23.jpg,R4
dataset/R4/ext_0_R4 SD scolytes_30.jpg,R4
dataset/R4/ext_0_R4 SD scolytes_24.jpg,R4
dataset/R4/ext_0_R4 SD scolytes_18.jpg,R4
dataset/R4/R4 SD scolytes_33.jpg,R4
dataset/R4/R4 SD scolytes_27.jpg,R4
dataset/R4/ext_2_R4 SD scolytes_1.jpg,R4
dataset/R4/R4 SD scolytes_26.jpg,R4
dataset/R4/R4 SD scolytes_32.jpg,R4
dataset/R4/ext_0_R4 SD scolytes_19.jpg,R4
dataset/R4/ext_0_R4 SD scolytes_25.jpg,R4
dataset/R4/ext_0_R4 SD scolytes_31.jpg,R4
dataset/R4/ext_2_R4 SD scolytes_22.jpg,R4
dataset/R4/ext_2_R4 SD scolytes_36.jpg,R4
dataset/R4/ext_1_R4 SD scolytes_9.jpg,R4
dataset/R4/ext_1_R4 SD scolytes_48.jpg,R4
dataset/R4/ext_2_R4 SD scolytes_32.jpg,R4
dataset/R4/ext_2_R4 SD scolytes_26.jpg,R4
dataset/R4/ext_0_R4 SD scolytes_35.jpg,R4
dataset/R4/ext_0_R4 SD scolytes_21.jpg,R4
dataset/R4/R4 SD scolytes_36.jpg,R4
dataset/R4/R4 SD scolytes_22.jpg,R4
dataset/R4/ext_2_R4 SD scolytes_4.jpg,R4
dataset/R4/ext_2_R4 SD scolytes_5.jpg,R4
dataset/R4/R4 SD scolytes_23.jpg,R4
dataset/R4/R4 SD scolytes_37.jpg,R4
dataset/R4/ext_0_R4 SD scolytes_20.jpg,R4
dataset/R4/ext_0_R4 SD scolytes_34.jpg,R4
dataset/R4/ext_2_R4 SD scolytes_27.jpg,R4
dataset/R4/ext_2_R4 SD scolytes_33.jpg,R4
dataset/R4/ext_1_R4 SD scolytes_49.jpg,R4
dataset/R4/ext_1_R4 SD scolytes_8.jpg,R4
dataset/R4/ext_2_R4 SD scolytes_25.jpg,R4
dataset/R4/ext_2_R4 SD scolytes_31.jpg,R4
dataset/R4/ext_2_R4 SD scolytes_19.jpg,R4
dataset/R4/ext_0_R4 SD scolytes_22.jpg,R4
dataset/R4/ext_0_R4 SD scolytes_36.jpg,R4
dataset/R4/R4 SD scolytes_21.jpg,R4
dataset/R4/R4 SD scolytes_35.jpg,R4
dataset/R4/ext_2_R4 SD scolytes_7.jpg,R4
dataset/R4/ext_2_R4 SD scolytes_6.jpg,R4
dataset/R4/R4 SD scolytes_34.jpg,R4
dataset/R4/R4 SD scolytes_20.jpg,R4
dataset/R4/ext_0_R4 SD scolytes_37.jpg,R4
dataset/R4/ext_0_R4 SD scolytes_23.jpg,R4
dataset/R4/ext_2_R4 SD scolytes_18.jpg,R4
dataset/R4/ext_2_R4 SD scolytes_30.jpg,R4
dataset/R4/ext_2_R4 SD scolytes_24.jpg,R4
dataset/R4/ext_1_R4 SD scolytes_47.jpg,R4
dataset/R4/ext_1_R4 SD scolytes_6.jpg,R4
dataset/R4/ext_2_R4 SD scolytes_29.jpg,R4
dataset/R4/ext_2_R4 SD scolytes_15.jpg,R4
dataset/R4/ext_0_R4 SD scolytes_12.jpg,R4
dataset/R4/R4 SD scolytes_11.jpg,R4
dataset/R4/R4 SD scolytes_39.jpg,R4
dataset/R4/ext_3_R4 SD scolytes_40.jpg,R4
dataset/R4/ext_3_R4 SD scolytes_41.jpg,R4
dataset/R4/R4 SD scolytes_38.jpg,R4
dataset/R4/R4 SD scolytes_10.jpg,R4
dataset/R4/ext_0_R4 SD scolytes_13.jpg,R4
dataset/R4/ext_2_R4 SD scolytes_14.jpg,R4
dataset/R4/ext_2_R4 SD scolytes_28.jpg,R4
dataset/R4/ext_1_R4 SD scolytes_7.jpg,R4
dataset/R4/ext_1_R4 SD scolytes_46.jpg,R4
dataset/R4/ext_1_R4 SD scolytes_44.jpg,R4
dataset/R4/ext_1_R4 SD scolytes_5.jpg,R4
dataset/R4/ext_2_R4 SD scolytes_16.jpg,R4
dataset/R4/ext_0_R4 SD scolytes_11.jpg,R4
dataset/R4/ext_0_R4 SD scolytes_39.jpg,R4
dataset/R4/R4 SD scolytes_12.jpg,R4
dataset/R4/ext_2_R4 SD scolytes_8.jpg,R4
dataset/R4/ext_3_R4 SD scolytes_43.jpg,R4
dataset/R4/ext_3_R4 SD scolytes_42.jpg,R4
dataset/R4/ext_2_R4 SD scolytes_9.jpg,R4
dataset/R4/R4 SD scolytes_13.jpg,R4
dataset/R4/ext_0_R4 SD scolytes_38.jpg,R4
dataset/R4/ext_0_R4 SD scolytes_10.jpg,R4
dataset/R4/ext_2_R4 SD scolytes_17.jpg,R4
dataset/R4/ext_1_R4 SD scolytes_4.jpg,R4
dataset/R4/ext_1_R4 SD scolytes_45.jpg,R4
dataset/R4/ext_1_R4 SD scolytes_41.jpg,R4
dataset/R4/ext_2_R4 SD scolytes_13.jpg,R4
dataset/R4/ext_0_R4 SD scolytes_28.jpg,R4
dataset/R4/ext_0_R4 SD scolytes_14.jpg,R4
dataset/R4/R4 SD scolytes_17.jpg,R4
dataset/R4/ext_3_R4 SD scolytes_46.jpg,R4
dataset/R4/ext_3_R4 SD scolytes_47.jpg,R4
dataset/R4/R4 SD scolytes_16.jpg,R4
dataset/R4/ext_0_R4 SD scolytes_15.jpg,R4
dataset/R4/ext_0_R4 SD scolytes_29.jpg,R4
dataset/R4/ext_2_R4 SD scolytes_12.jpg,R4
dataset/R4/ext_1_R4 SD scolytes_1.jpg,R4
dataset/R4/ext_1_R4 SD scolytes_40.jpg,R4
dataset/R4/ext_1_R4 SD scolytes_42.jpg,R4
dataset/R4/ext_1_R4 SD scolytes_3.jpg,R4
dataset/R4/ext_2_R4 SD scolytes_10.jpg,R4
dataset/R4/ext_2_R4 SD scolytes_38.jpg,R4
dataset/R4/ext_0_R4 SD scolytes_17.jpg,R4
dataset/R4/R4 SD scolytes_28.jpg,R4
dataset/R4/R4 SD scolytes_14.jpg,R4
dataset/R4/ext_3_R4 SD scolytes_45.jpg,R4
dataset/R4/ext_3_R4 SD scolytes_44.jpg,R4
dataset/R4/R4 SD scolytes_15.jpg,R4
dataset/R4/R4 SD scolytes_29.jpg,R4
dataset/R4/ext_0_R4 SD scolytes_16.jpg,R4
dataset/R4/ext_2_R4 SD scolytes_39.jpg,R4
dataset/R4/ext_2_R4 SD scolytes_11.jpg,R4
dataset/R4/ext_1_R4 SD scolytes_2.jpg,R4
dataset/R4/ext_1_R4 SD scolytes_43.jpg,R4
dataset/R4/ext_1_R4 SD scolytes_18.jpg,R4
dataset/R4/ext_1_R4 SD scolytes_24.jpg,R4
dataset/R4/ext_1_R4 SD scolytes_30.jpg,R4
dataset/R4/ext_3_R4 SD scolytes_8.jpg,R4
dataset/R4/ext_3_R4 SD scolytes_23.jpg,R4
dataset/R4/ext_3_R4 SD scolytes_37.jpg,R4
dataset/R4/ext_0_R4 SD scolytes_5.jpg,R4
dataset/R4/ext_0_R4 SD scolytes_4.jpg,R4
dataset/R4/ext_3_R4 SD scolytes_36.jpg,R4
dataset/R4/ext_3_R4 SD scolytes_22.jpg,R4
dataset/R4/ext_3_R4 SD scolytes_9.jpg,R4
dataset/R4/ext_1_R4 SD scolytes_31.jpg,R4
dataset/R4/ext_1_R4 SD scolytes_25.jpg,R4
dataset/R4/ext_1_R4 SD scolytes_19.jpg,R4
dataset/R4/ext_1_R4 SD scolytes_33.jpg,R4
dataset/R4/ext_1_R4 SD scolytes_27.jpg,R4
dataset/R4/ext_2_R4 SD scolytes_49.jpg,R4
dataset/R4/ext_3_R4 SD scolytes_34.jpg,R4
dataset/R4/ext_3_R4 SD scolytes_20.jpg,R4
dataset/R4/ext_0_R4 SD scolytes_6.jpg,R4
dataset/R4/ext_0_R4 SD scolytes_7.jpg,R4
dataset/R4/ext_3_R4 SD scolytes_21.jpg,R4
dataset/R4/ext_3_R4 SD scolytes_35.jpg,R4
dataset/R4/ext_2_R4 SD scolytes_48.jpg,R4
dataset/R4/ext_1_R4 SD scolytes_26.jpg,R4
dataset/R4/ext_1_R4 SD scolytes_32.jpg,R4
dataset/R4/ext_1_R4 SD scolytes_36.jpg,R4
dataset/R4/ext_1_R4 SD scolytes_22.jpg,R4
dataset/R4/R4 SD scolytes_9.jpg,R4
dataset/R4/R4 SD scolytes_48.jpg,R4
dataset/R4/ext_3_R4 SD scolytes_19.jpg,R4
dataset/R4/ext_3_R4 SD scolytes_31.jpg,R4
dataset/R4/ext_3_R4 SD scolytes_25.jpg,R4
dataset/R4/ext_0_R4 SD scolytes_3.jpg,R4
dataset/R4/ext_0_R4 SD scolytes_2.jpg,R4
dataset/R4/ext_3_R4 SD scolytes_24.jpg,R4
dataset/R4/ext_3_R4 SD scolytes_30.jpg,R4
dataset/R4/ext_3_R4 SD scolytes_18.jpg,R4
dataset/R4/R4 SD scolytes_49.jpg,R4
dataset/R4/R4 SD scolytes_8.jpg,R4
dataset/R4/ext_1_R4 SD scolytes_23.jpg,R4
dataset/R4/ext_1_R4 SD scolytes_37.jpg,R4
dataset/R4/ext_1_R4 SD scolytes_21.jpg,R4
dataset/R4/ext_1_R4 SD scolytes_35.jpg,R4
dataset/R4/ext_0_R4 SD scolytes_48.jpg,R4
dataset/R4/ext_3_R4 SD scolytes_26.jpg,R4
dataset/R4/ext_3_R4 SD scolytes_32.jpg,R4
dataset/R4/ext_0_R4 SD scolytes_1.jpg,R4
dataset/R4/ext_3_R4 SD scolytes_33.jpg,R4
dataset/R4/ext_3_R4 SD scolytes_27.jpg,R4
dataset/R4/ext_0_R4 SD scolytes_49.jpg,R4
dataset/R4/ext_1_R4 SD scolytes_34.jpg,R4
dataset/R4/ext_1_R4 SD scolytes_20.jpg,R4
